Ano,IdRegion,IdServicio,IdComuna,IdEstablecimiento,servicio_salud_master,comuna_master,establecimiento_master,tipo_establecimiento_master,dependencia_master,estado_funcionamiento_master,codigo_madre_master,50_54 | Mes 6,50_54 | Mes 12,50_54 | Diferencia,55_59 | Mes 6,55_59 | Mes 12,55_59 | Diferencia,60_64 | Mes 6,60_64 | Mes 12,60_64 | Diferencia,65_69 | Mes 6,65_69 | Mes 12,65_69 | Diferencia,numerador_mujeres_50_69 | Mes 6,numerador_mujeres_50_69 | Mes 12,numerador_mujeres_50_69 | Diferencia,Total mes 6,Total mes 12,Diferencia,Variacion %,Alerta
2025,13,11,13102,200346,Servicio de Salud Metropolitano Central,Cerrillos,Centro Comunitario de Salud Familiar Buzeta,Centro Comunitario de Salud Familiar (CECOSF),Servicio de Salud,Vigente en Operación Habitual,111307,41,6,-35,44,5,-39,24,5,-19,12,4,-8,121,20,-101,121,20,-101,-83.47,Baja de mes 6 a mes 12
2025,13,11,13102,111305,Servicio de Salud Metropolitano Central,Cerrillos,Centro de Salud Familiar Dr. Norman Voulliéme,Centro de Salud Familiar (CESFAM),Servicio de Salud,Vigente en Operación Habitual,,632,253,-379,642,225,-417,593,222,-371,385,166,-219,2252,866,-1386,2252,866,-1386,-61.55,Baja de mes 6 a mes 12
2025,13,11,13102,111307,Servicio de Salud Metropolitano Central,Cerrillos,Centro de Salud Familiar Enfermera Sofía Pincheira,Centro de Salud Familiar (CESFAM),Servicio de Salud,Vigente en Operación Habitual,,96,195,99,74,184,110,81,192,111,21,140,119,272,711,439,272,711,439,161.4,Aumento esperado
2025,13,11,13106,111781,Servicio de Salud Metropolitano Central,Estación Central,Centro Comunitario de Salud Familiar Villa Francia,Centro Comunitario de Salud Familiar (CECOSF),Servicio de Salud,Vigente en Operación Habitual,111306,26,18,-8,24,19,-5,18,11,-7,8,3,-5,76,51,-25,76,51,-25,-32.89,Baja de mes 6 a mes 12
2025,13,11,13106,111310,Servicio de Salud Metropolitano Central,Estación Central,Centro de Salud Familiar Las Mercedes,Centro de Salud Familiar (CESFAM),Servicio de Salud,Vigente en Operación Habitual,,134,260,126,115,133,18,122,105,-17,58,98,40,429,596,167,429,596,167,38.93,Aumento esperado
2025,13,11,13106,111302,Servicio de Salud Metropolitano Central,Estación Central,Centro de Salud Familiar Padre Vicente Irarrázabal,Centro de Salud Familiar (CESFAM),Servicio de Salud,Vigente en Operación Habitual,,126,141,15,171,145,-26,198,102,-96,136,76,-60,631,464,-167,631,464,-167,-26.47,Baja de mes 6 a mes 12
2025,13,11,13106,111306,Servicio de Salud Metropolitano Central,Estación Central,Centro de Salud Familiar San José de Chuchunco,Centro de Salud Familiar (CESFAM),Servicio de Salud,Vigente en Operación Habitual,,248,129,-119,303,136,-167,271,179,-92,106,84,-22,928,528,-400,928,528,-400,-43.1,Baja de mes 6 a mes 12
2025,13,11,13119,201674,Servicio de Salud Metropolitano Central,Maipú,CESFAM El Abrazo Dr. Salvador Allende Gossens,Centro de Salud Familiar (CESFAM),Municipal,Vigente en Operación Habitual,,71,164,93,63,137,74,74,156,82,40,111,71,248,568,320,248,568,320,129.03,Aumento esperado
2025,13,11,13119,111784,Servicio de Salud Metropolitano Central,Maipú,Centro Comunitario de Salud Familiar Bueras,Centro Comunitario de Salud Familiar (CECOSF),Municipal,Vigente en Operación Habitual,111378,0,45,45,0,34,34,0,50,50,0,19,19,0,148,148,0,148,148,0.0,Aparece solo en mes 12
2025,13,11,13119,111780,Servicio de Salud Metropolitano Central,Maipú,Centro Comunitario de Salud Familiar Europa,Centro Comunitario de Salud Familiar (CECOSF),Servicio de Salud,Vigente en Operación Habitual,111304,0,13,13,0,16,16,0,15,15,0,4,4,0,48,48,0,48,48,0.0,Aparece solo en mes 12
2025,13,11,13119,111704,Servicio de Salud Metropolitano Central,Maipú,Centro Comunitario de Salud Familiar Futramapu,Centro Comunitario de Salud Familiar (CECOSF),Servicio de Salud,Vigente en Operación Habitual,111304,11,32,21,10,41,31,8,19,11,4,17,13,33,109,76,33,109,76,230.3,Aumento esperado
2025,13,11,13119,201129,Servicio de Salud Metropolitano Central,Maipú,Centro Comunitario de Salud Familiar LUMEN,Centro Comunitario de Salud Familiar (CECOSF),Municipal,Vigente en Operación Habitual,111379,0,52,52,0,42,42,0,66,66,0,39,39,0,199,199,0,199,199,0.0,Aparece solo en mes 12
2025,13,11,13119,111783,Servicio de Salud Metropolitano Central,Maipú,Centro Comunitario de Salud Familiar Lo Errázuriz,Centro Comunitario de Salud Familiar (CECOSF),Municipal,Vigente en Operación Habitual,111379,0,30,30,0,32,32,0,90,90,0,71,71,0,223,223,0,223,223,0.0,Aparece solo en mes 12
2025,13,11,13119,200643,Servicio de Salud Metropolitano Central,Maipú,Centro Comunitario de Salud Familiar Los Bosquinos,Centro Comunitario de Salud Familiar (CECOSF),Municipal,Vigente en Operación Habitual,111380,24,25,1,23,23,0,18,24,6,8,11,3,73,83,10,73,83,10,13.7,Aumento esperado
2025,13,11,13119,111379,Servicio de Salud Metropolitano Central,Maipú,Centro de Salud Familiar Clotario Blest,Centro de Salud Familiar (CESFAM),Municipal,Vigente en Operación Habitual,,55,271,216,35,288,253,73,387,314,38,262,224,201,1208,1007,201,1208,1007,501.0,Aumento esperado
2025,13,11,13119,111380,Servicio de Salud Metropolitano Central,Maipú,Centro de Salud Familiar Dr. Carlos Godoy,Centro de Salud Familiar (CESFAM),Municipal,Vigente en Operación Habitual,,341,357,16,372,394,22,438,476,38,205,234,29,1356,1461,105,1356,1461,105,7.74,Aumento esperado
2025,13,11,13119,111378,Servicio de Salud Metropolitano Central,Maipú,Centro de Salud Familiar Dr. Iván Insunza,Centro de Salud Familiar (CESFAM),Municipal,Vigente en Operación Habitual,,447,392,-55,390,399,9,388,401,13,182,221,39,1407,1413,6,1407,1413,6,0.43,Aumento esperado
2025,13,11,13119,111308,Servicio de Salud Metropolitano Central,Maipú,Centro de Salud Familiar Dr. José Eduardo Ahués Salame,Centro de Salud Familiar (CESFAM),Servicio de Salud,Vigente en Operación Habitual,,231,303,72,262,358,96,300,409,109,176,234,58,969,1304,335,969,1304,335,34.57,Aumento esperado
2025,13,11,13119,111383,Servicio de Salud Metropolitano Central,Maipú,Centro de Salud Familiar Dr. Luis Ferrada,Centro de Salud Familiar (CESFAM),Municipal,Vigente en Operación Habitual,,157,186,29,255,294,39,267,337,70,158,206,48,837,1023,186,837,1023,186,22.22,Aumento esperado
2025,13,11,13119,111309,Servicio de Salud Metropolitano Central,Maipú,Centro de Salud Familiar Dra. Ana María Juricic,Centro de Salud Familiar (CESFAM),Servicio de Salud,Vigente en Operación Habitual,,213,240,27,262,296,34,298,345,47,159,210,51,932,1091,159,932,1091,159,17.06,Aumento esperado
2025,13,11,13119,111304,Servicio de Salud Metropolitano Central,Maipú,Centro de Salud Familiar Maipú,Centro de Salud Familiar (CESFAM),Servicio de Salud,Vigente en Operación Habitual,,322,354,32,333,360,27,453,507,54,324,385,61,1432,1606,174,1432,1606,174,12.15,Aumento esperado
2025,13,11,13119,111382,Servicio de Salud Metropolitano Central,Maipú,Centro de Salud Familiar Presidenta Michelle Bachelet,Centro de Salud Familiar (CESFAM),Municipal,Vigente en Operación Habitual,,395,352,-43,413,352,-61,526,493,-33,361,338,-23,1695,1535,-160,1695,1535,-160,-9.44,Baja de mes 6 a mes 12
2025,13,11,13101,111372,Servicio de Salud Metropolitano Central,Santiago,Centro de Salud Familiar Arauco,Centro de Salud Familiar (CESFAM),Municipal,Vigente en Operación Habitual,,237,236,-1,218,246,28,227,256,29,113,141,28,795,879,84,795,879,84,10.57,Aumento esperado
2025,13,11,13101,111381,Servicio de Salud Metropolitano Central,Santiago,Centro de Salud Familiar Ignacio Domeyko,Centro de Salud Familiar (CESFAM),Municipal,Vigente en Operación Habitual,,776,830,54,632,668,36,623,695,72,312,354,42,2343,2547,204,2343,2547,204,8.71,Aumento esperado
2025,13,11,13101,111376,Servicio de Salud Metropolitano Central,Santiago,Centro de Salud Familiar Matta Sur,Centro de Salud Familiar (CESFAM),Municipal,Vigente en Operación Habitual,,358,376,18,334,333,-1,317,343,26,130,154,24,1139,1206,67,1139,1206,67,5.88,Aumento esperado
2025,13,11,13101,111300,Servicio de Salud Metropolitano Central,Santiago,Centro de Salud Familiar N° 1 Dr. Ramón Corbalán Melgarejo,Centro de Salud Familiar (CESFAM),Servicio de Salud,Vigente en Operación Habitual,,500,409,-91,448,390,-58,419,366,-53,245,239,-6,1612,1404,-208,1612,1404,-208,-12.9,Baja de mes 6 a mes 12
2025,13,11,13101,111301,Servicio de Salud Metropolitano Central,Santiago,Centro de Salud Familiar Nº 5,Centro de Salud Familiar (CESFAM),Servicio de Salud,Vigente en Operación Habitual,,65,104,39,85,132,47,56,87,31,51,80,29,257,403,146,257,403,146,56.81,Aumento esperado
2025,13,11,13101,111370,Servicio de Salud Metropolitano Central,Santiago,Centro de Salud Familiar Padre Orellana,Centro de Salud Familiar (CESFAM),Municipal,Vigente en Operación Habitual,,319,309,-10,284,260,-24,289,297,8,149,147,-2,1041,1013,-28,1041,1013,-28,-2.69,Baja de mes 6 a mes 12
2025,13,9,13301,201462,Servicio de Salud Metropolitano Norte,Colina,CESFAM La Reina de Colina,Centro de Salud Familiar (CESFAM),Municipal,Vigente en Operación Habitual,,335,450,115,245,267,22,189,226,37,103,124,21,872,1067,195,872,1067,195,22.36,Aumento esperado
2025,13,9,13301,109716,Servicio de Salud Metropolitano Norte,Colina,Centro Comunitario de Salud Familiar Esmeralda,Centro Comunitario de Salud Familiar (CECOSF),Municipal,Vigente en Operación Habitual,109316,55,55,0,45,40,-5,33,28,-5,9,10,1,142,133,-9,142,133,-9,-6.34,Baja de mes 6 a mes 12
2025,13,9,13301,109310,Servicio de Salud Metropolitano Norte,Colina,Centro de Salud Familiar Colina,Centro de Salud Familiar (CESFAM),Municipal,Vigente en Operación Habitual,,554,610,56,526,495,-31,469,500,31,422,367,-55,1971,1972,1,1971,1972,1,0.05,Aumento esperado
2025,13,9,13301,109316,Servicio de Salud Metropolitano Norte,Colina,Centro de Salud Familiar Esmeralda,Centro de Salud Familiar (CESFAM),Municipal,Vigente en Operación Habitual,,612,628,16,560,610,50,520,579,59,292,261,-31,1984,2078,94,1984,2078,94,4.74,Aumento esperado
2025,13,9,13301,109420,Servicio de Salud Metropolitano Norte,Colina,Posta de Salud Rural Chacabuco (Colina),Posta de Salud Rural (PSR),Municipal,Vigente en Operación Habitual,,18,18,0,21,23,2,18,21,3,12,12,0,69,74,5,69,74,5,7.25,Aumento esperado
2025,13,9,13301,109416,Servicio de Salud Metropolitano Norte,Colina,Posta de Salud Rural Colorado,Posta de Salud Rural (PSR),Municipal,Vigente en Operación Habitual,,25,24,-1,34,32,-2,20,17,-3,11,11,0,90,84,-6,90,84,-6,-6.67,Baja de mes 6 a mes 12
2025,13,9,13301,109418,Servicio de Salud Metropolitano Norte,Colina,Posta de Salud Rural Las Canteras,Posta de Salud Rural (PSR),Municipal,Vigente en Operación Habitual,,37,32,-5,29,36,7,15,15,0,19,7,-12,100,90,-10,100,90,-10,-10.0,Baja de mes 6 a mes 12
2025,13,9,13301,109417,Servicio de Salud Metropolitano Norte,Colina,Posta de Salud Rural Los Ingleses,Posta de Salud Rural (PSR),Municipal,Vigente en Operación Habitual,,32,19,-13,14,19,5,17,19,2,8,13,5,71,70,-1,71,70,-1,-1.41,Baja de mes 6 a mes 12
2025,13,9,13301,109419,Servicio de Salud Metropolitano Norte,Colina,Posta de Salud Rural Santa Marta de Liray,Posta de Salud Rural (PSR),Municipal,Vigente en Operación Habitual,,6,22,16,7,20,13,4,18,14,0,8,8,17,68,51,17,68,51,300.0,Aumento esperado
2025,13,9,13104,200347,Servicio de Salud Metropolitano Norte,Conchalí,Centro Comunitario de Salud Familiar Alberto Bachelet,Centro Comunitario de Salud Familiar (CECOSF),Municipal,Vigente en Operación Habitual,109308,99,116,17,96,105,9,98,131,33,52,60,8,345,412,67,345,412,67,19.42,Aumento esperado
2025,13,9,13104,109709,Servicio de Salud Metropolitano Norte,Conchalí,Centro Comunitario de Salud Familiar Dr. José Symón Ojeda,Centro Comunitario de Salud Familiar (CECOSF),Municipal,Vigente en Operación Habitual,109309,112,115,3,117,93,-24,93,103,10,51,67,16,373,378,5,373,378,5,1.34,Aumento esperado
2025,13,9,13104,200609,Servicio de Salud Metropolitano Norte,Conchalí,Centro Comunitario de Salud Familiar Dr. Lucas Sierra,Centro Comunitario de Salud Familiar (CECOSF),Municipal,Vigente en Operación Habitual,109302,30,67,37,25,57,32,26,58,32,9,18,9,90,200,110,90,200,110,122.22,Aumento esperado
2025,13,9,13104,109308,Servicio de Salud Metropolitano Norte,Conchalí,Centro de Salud Familiar Alberto Bachelet Martínez,Centro de Salud Familiar (CESFAM),Municipal,Vigente en Operación Habitual,,344,368,24,412,405,-7,373,408,35,183,181,-2,1312,1362,50,1312,1362,50,3.81,Aumento esperado
2025,13,9,13104,109309,Servicio de Salud Metropolitano Norte,Conchalí,Centro de Salud Familiar José Symon Ojeda,Centro de Salud Familiar (CESFAM),Municipal,Vigente en Operación Habitual,,181,295,114,173,305,132,137,236,99,69,123,54,560,959,399,560,959,399,71.25,Aumento esperado
2025,13,9,13104,109314,Servicio de Salud Metropolitano Norte,Conchalí,Centro de Salud Familiar Juanita Aguirre,Centro de Salud Familiar (CESFAM),Municipal,Vigente en Operación Habitual,,298,234,-64,354,458,104,424,568,144,252,210,-42,1328,1470,142,1328,1470,142,10.69,Aumento esperado
2025,13,9,13104,109302,Servicio de Salud Metropolitano Norte,Conchalí,Centro de Salud Familiar Lucas Sierra,Centro de Salud Familiar (CESFAM),Municipal,Vigente en Operación Habitual,,273,353,80,284,347,63,277,396,119,162,262,100,996,1358,362,996,1358,362,36.35,Aumento esperado
2025,13,9,13107,109718,Servicio de Salud Metropolitano Norte,Huechuraba,Centro Comunitario de Salud Familiar Los Libertadores,Centro Comunitario de Salud Familiar (CECOSF),Municipal,Vigente en Operación Habitual,109305,69,91,22,86,106,20,99,136,37,74,88,14,328,421,93,328,421,93,28.35,Aumento esperado
2025,13,9,13107,109323,Servicio de Salud Metropolitano Norte,Huechuraba,Centro de Salud Familiar Dr. Salvador Allende Gossens,Centro de Salud Familiar (CESFAM),Municipal,Vigente en Operación Habitual,,216,305,89,177,267,90,109,177,68,55,74,19,557,823,266,557,823,266,47.76,Aumento esperado
2025,13,9,13107,200961,Servicio de Salud Metropolitano Norte,Huechuraba,Centro de Salud Familiar Dr. Victor Castro Wiren,Centro de Salud Familiar (CESFAM),Municipal,Vigente en Operación Habitual,,92,164,72,74,133,59,76,153,77,51,147,96,293,597,304,293,597,304,103.75,Aumento esperado
2025,13,9,13107,109317,Servicio de Salud Metropolitano Norte,Huechuraba,Centro de Salud Familiar El Barrero,Centro de Salud Familiar (CESFAM),Municipal,Vigente en Operación Habitual,,231,216,-15,178,202,24,181,146,-35,92,56,-36,682,620,-62,682,620,-62,-9.09,Baja de mes 6 a mes 12
2025,13,9,13107,109305,Servicio de Salud Metropolitano Norte,Huechuraba,Centro de Salud Familiar La Pincoya,Centro de Salud Familiar (CESFAM),Municipal,Vigente en Operación Habitual,,262,395,133,282,425,143,245,376,131,138,138,0,927,1334,407,927,1334,407,43.91,Aumento esperado
2025,13,9,13108,200554,Servicio de Salud Metropolitano Norte,Independencia,Centro Comunitario de Salud Familiar Las Enredaderas,Centro Comunitario de Salud Familiar (CECOSF),Municipal,Vigente en Operación Habitual,109300,85,105,20,120,147,27,107,129,22,60,79,19,372,460,88,372,460,88,23.66,Aumento esperado
2025,13,9,13108,109300,Servicio de Salud Metropolitano Norte,Independencia,Centro de Salud Familiar Agustín Cruz Melo,Centro de Salud Familiar (CESFAM),Municipal,Vigente en Operación Habitual,,637,690,53,555,603,48,518,584,66,318,253,-65,2028,2130,102,2028,2130,102,5.03,Aumento esperado
2025,13,9,13108,109321,Servicio de Salud Metropolitano Norte,Independencia,Centro de Salud Familiar Juan Antonio Ríos,Centro de Salud Familiar (CESFAM),Municipal,Vigente en Operación Habitual,,427,432,5,426,429,3,360,376,16,290,273,-17,1503,1510,7,1503,1510,7,0.47,Aumento esperado
2025,13,9,13302,109712,Servicio de Salud Metropolitano Norte,Lampa,Centro Comunitario de Salud Familiar Batuco,Centro Comunitario de Salud Familiar (CECOSF),Municipal,Vigente en Operación Habitual,109312,66,61,-5,75,68,-7,62,54,-8,30,27,-3,233,210,-23,233,210,-23,-9.87,Baja de mes 6 a mes 12
2025,13,9,13302,109711,Servicio de Salud Metropolitano Norte,Lampa,Centro Comunitario de Salud Familiar Sol de Septiembre,Centro Comunitario de Salud Familiar (CECOSF),Municipal,Vigente en Operación Habitual,109311,55,77,22,64,79,15,33,50,17,22,26,4,174,232,58,174,232,58,33.33,Aumento esperado
2025,13,9,13302,109312,Servicio de Salud Metropolitano Norte,Lampa,Centro de Salud Familiar Batuco,Centro de Salud Familiar (CESFAM),Municipal,Vigente en Operación Habitual,,188,189,1,148,155,7,109,118,9,61,59,-2,506,521,15,506,521,15,2.96,Aumento esperado
2025,13,9,13302,109311,Servicio de Salud Metropolitano Norte,Lampa,Centro de Salud Familiar José Bauza Frau,Centro de Salud Familiar (CESFAM),Municipal,Vigente en Operación Habitual,,513,480,-33,402,351,-51,268,240,-28,153,113,-40,1336,1184,-152,1336,1184,-152,-11.38,Baja de mes 6 a mes 12
2025,13,9,13302,201212,Servicio de Salud Metropolitano Norte,Lampa,Centro de Salud Familiar Juan Pablo II de Lampa,Centro de Salud Familiar (CESFAM),Municipal,Vigente en Operación Habitual,,154,175,21,112,148,36,108,127,19,64,48,-16,438,498,60,438,498,60,13.7,Aumento esperado
2025,13,9,13125,200304,Servicio de Salud Metropolitano Norte,Quilicura,Centro Comunitario de Salud Familiar Beato Padre Hurtado,Centro Comunitario de Salud Familiar (CECOSF),Municipal,Vigente en Operación Habitual,109313,34,38,4,36,41,5,38,58,20,25,41,16,133,178,45,133,178,45,33.83,Aumento esperado
2025,13,9,13125,109713,Servicio de Salud Metropolitano Norte,Quilicura,Centro Comunitario de Salud Familiar La Foresta,Centro Comunitario de Salud Familiar (CECOSF),Municipal,Vigente en Operación Habitual,109324,70,33,-37,67,39,-28,37,24,-13,20,7,-13,194,103,-91,194,103,-91,-46.91,Baja de mes 6 a mes 12
2025,13,9,13125,109715,Servicio de Salud Metropolitano Norte,Quilicura,Centro Comunitario de Salud Familiar Pucara de Lasana,Centro Comunitario de Salud Familiar (CECOSF),Municipal,Vigente en Operación Habitual,109315,15,13,-2,13,21,8,20,12,-8,17,16,-1,65,62,-3,65,62,-3,-4.62,Baja de mes 6 a mes 12
2025,13,9,13125,109313,Servicio de Salud Metropolitano Norte,Quilicura,Centro de Salud Familiar Irene Frei de Cid,Centro de Salud Familiar (CESFAM),Municipal,Vigente en Operación Habitual,,385,411,26,331,386,55,315,365,50,142,182,40,1173,1344,171,1173,1344,171,14.58,Aumento esperado
2025,13,9,13125,109315,Servicio de Salud Metropolitano Norte,Quilicura,Centro de Salud Familiar Manuel Bustos Huerta,Centro de Salud Familiar (CESFAM),Municipal,Vigente en Operación Habitual,,466,521,55,418,526,108,370,431,61,173,206,33,1427,1684,257,1427,1684,257,18.01,Aumento esperado
2025,13,9,13125,201091,Servicio de Salud Metropolitano Norte,Quilicura,Centro de Salud Familiar Marta Ugarte Román,Centro de Salud Familiar (CESFAM),Municipal,Vigente en Operación Habitual,,294,271,-23,361,284,-77,386,393,7,294,198,-96,1335,1146,-189,1335,1146,-189,-14.16,Baja de mes 6 a mes 12
2025,13,9,13125,109324,Servicio de Salud Metropolitano Norte,Quilicura,Centro de Salud Familiar Presidente Salvador Allende Gossens,Centro de Salud Familiar (CESFAM),Municipal,Vigente en Operación Habitual,,617,655,38,478,529,51,342,409,67,135,143,8,1572,1736,164,1572,1736,164,10.43,Aumento esperado
2025,13,9,13127,109390,Servicio de Salud Metropolitano Norte,Recoleta,Centro de Salud Familiar Cristo Vive (ONG),Centro de Salud Familiar (CESFAM),Otra Institución,Vigente en Operación Habitual,,456,504,48,409,450,41,379,354,-25,345,283,-62,1589,1591,2,1589,1591,2,0.13,Aumento esperado
2025,13,9,13127,109307,Servicio de Salud Metropolitano Norte,Recoleta,Centro de Salud Familiar Dr. Juan Petrinovic (Ex Scroggie),Centro de Salud Familiar (CESFAM),Municipal,Vigente en Operación Habitual,,368,135,-233,398,154,-244,417,176,-241,209,141,-68,1392,606,-786,1392,606,-786,-56.47,Baja de mes 6 a mes 12
2025,13,9,13127,109303,Servicio de Salud Metropolitano Norte,Recoleta,Centro de Salud Familiar Quinta Bella,Centro de Salud Familiar (CESFAM),Municipal,Vigente en Operación Habitual,,498,498,0,468,433,-35,498,228,-270,199,216,17,1663,1375,-288,1663,1375,-288,-17.32,Baja de mes 6 a mes 12
2025,13,9,13127,109301,Servicio de Salud Metropolitano Norte,Recoleta,Centro de Salud Familiar Recoleta,Centro de Salud Familiar (CESFAM),Municipal,Vigente en Operación Habitual,,536,455,-81,449,398,-51,449,378,-71,252,249,-3,1686,1480,-206,1686,1480,-206,-12.22,Baja de mes 6 a mes 12
2025,13,9,13127,109304,Servicio de Salud Metropolitano Norte,Recoleta,Centro de Salud Familiar Valdivieso,Centro de Salud Familiar (CESFAM),Municipal,Vigente en Operación Habitual,,116,153,37,116,148,32,131,174,43,77,112,35,440,587,147,440,587,147,33.41,Aumento esperado
2025,13,9,13303,109320,Servicio de Salud Metropolitano Norte,Tiltil,Centro de Salud Familiar Huertos Familiares,Centro de Salud Familiar (CESFAM),Municipal,Vigente en Operación Habitual,,157,160,3,145,131,-14,68,95,27,54,79,25,424,465,41,424,465,41,9.67,Aumento esperado
2025,13,9,13303,109104,Servicio de Salud Metropolitano Norte,Tiltil,Hospital de Til Til,Hospital,Servicio de Salud,Vigente en Operación Habitual,,140,132,-8,112,118,6,98,108,10,90,100,10,440,458,18,440,458,18,4.09,Aumento esperado
2025,13,9,13303,109410,Servicio de Salud Metropolitano Norte,Tiltil,Posta de Salud Rural La Capilla de Caleu,Posta de Salud Rural (PSR),Municipal,Vigente en Operación Habitual,,15,23,8,16,16,0,9,10,1,19,9,-10,59,58,-1,59,58,-1,-1.69,Baja de mes 6 a mes 12
2025,13,9,13303,109412,Servicio de Salud Metropolitano Norte,Tiltil,Posta de Salud Rural Montenegro,Posta de Salud Rural (PSR),Municipal,Vigente en Operación Habitual,,11,26,15,14,18,4,16,19,3,16,18,2,57,81,24,57,81,24,42.11,Aumento esperado
2025,13,9,13303,109414,Servicio de Salud Metropolitano Norte,Tiltil,Posta de Salud Rural Polpaico,Posta de Salud Rural (PSR),Municipal,Vigente en Operación Habitual,,34,63,29,36,46,10,30,48,18,19,24,5,119,181,62,119,181,62,52.1,Aumento esperado
2025,13,9,13303,109413,Servicio de Salud Metropolitano Norte,Tiltil,Posta de Salud Rural Rungue,Posta de Salud Rural (PSR),Municipal,Vigente en Operación Habitual,,10,24,14,8,13,5,15,12,-3,4,15,11,37,64,27,37,64,27,72.97,Aumento esperado
2025,13,10,13502,110503,Servicio de Salud Metropolitano Occidente,Alhué,Centro Comunitario de Salud Familiar Hacienda Alhué,Centro Comunitario de Salud Familiar (CECOSF),Municipal,Vigente en Operación Habitual,110393,41,51,10,39,45,6,35,39,4,16,16,0,131,151,20,131,151,20,15.27,Aumento esperado
2025,13,10,13502,110393,Servicio de Salud Metropolitano Occidente,Alhué,Centro de Salud Familiar Villa Alhué,Centro de Salud Familiar (CESFAM),Municipal,Vigente en Operación Habitual,,76,83,7,65,72,7,52,55,3,40,46,6,233,256,23,233,256,23,9.87,Aumento esperado
2025,13,10,13502,110510,Servicio de Salud Metropolitano Occidente,Alhué,Posta de Salud Rural El Asiento,Posta de Salud Rural (PSR),Municipal,Vigente en Operación Habitual,,13,13,0,20,23,3,11,14,3,6,6,0,50,56,6,50,56,6,12.0,Aumento esperado
2025,13,10,13502,110505,Servicio de Salud Metropolitano Occidente,Alhué,Posta de Salud Rural Pichi,Posta de Salud Rural (PSR),Municipal,Vigente en Operación Habitual,,14,14,0,6,8,2,13,15,2,5,5,0,38,42,4,38,42,4,10.53,Aumento esperado
2025,13,10,13103,110735,Servicio de Salud Metropolitano Occidente,Cerro Navia,Centro Comunitario de Salud Familiar Los Lagos (Unidad Vecinal Nº 33),Centro Comunitario de Salud Familiar (CECOSF),Municipal,Vigente en Operación Habitual,110335,35,41,6,38,28,-10,64,54,-10,47,44,-3,184,167,-17,184,167,-17,-9.24,Baja de mes 6 a mes 12
2025,13,10,13103,110335,Servicio de Salud Metropolitano Occidente,Cerro Navia,Centro de Salud Familiar Cerro Navia,Centro de Salud Familiar (CESFAM),Municipal,Vigente en Operación Habitual,,184,339,155,165,273,108,156,225,69,88,136,48,593,973,380,593,973,380,64.08,Aumento esperado
2025,13,10,13103,110330,Servicio de Salud Metropolitano Occidente,Cerro Navia,Centro de Salud Familiar Dr. Adalberto Steeger,Centro de Salud Familiar (CESFAM),Municipal,Vigente en Operación Habitual,,320,359,39,290,340,50,274,314,40,127,148,21,1011,1161,150,1011,1161,150,14.84,Aumento esperado
2025,13,10,13103,110355,Servicio de Salud Metropolitano Occidente,Cerro Navia,Centro de Salud Familiar Dr. Arturo Albertz,Centro de Salud Familiar (CESFAM),Municipal,Vigente en Operación Habitual,,207,224,17,237,250,13,276,249,-27,193,192,-1,913,915,2,913,915,2,0.22,Aumento esperado
2025,13,10,13103,110331,Servicio de Salud Metropolitano Occidente,Cerro Navia,Centro de Salud Familiar Lo Amor,Centro de Salud Familiar (CESFAM),Municipal,Vigente en Operación Habitual,,120,221,101,85,195,110,91,229,138,42,94,52,338,739,401,338,739,401,118.64,Aumento esperado
2025,13,10,13503,110160,Servicio de Salud Metropolitano Occidente,Curacaví,Hospital de Curacaví,Hospital,Servicio de Salud,Vigente en Operación Habitual,,319,243,-76,282,278,-4,230,285,55,147,133,-14,978,939,-39,978,939,-39,-3.99,Baja de mes 6 a mes 12
2025,13,10,13602,200454,Servicio de Salud Metropolitano Occidente,El Monte,Centro Comunitario de Salud Familiar Lo Chacón,Centro Comunitario de Salud Familiar (CECOSF),Municipal,Vigente en Operación Habitual,110370,56,68,12,42,47,5,53,64,11,27,32,5,178,211,33,178,211,33,18.54,Aumento esperado
2025,13,10,13602,110370,Servicio de Salud Metropolitano Occidente,El Monte,Centro de Salud Familiar El Monte,Centro de Salud Familiar (CESFAM),Municipal,Vigente en Operación Habitual,,366,424,58,358,399,41,315,339,24,163,177,14,1202,1339,137,1202,1339,137,11.4,Aumento esperado
2025,13,10,13603,110775,Servicio de Salud Metropolitano Occidente,Isla de Maipo,Centro Comunitario de Salud Familiar La Islita,Centro Comunitario de Salud Familiar (CECOSF),Municipal,Vigente en Operación Habitual,110375,34,12,-22,62,14,-48,45,13,-32,19,3,-16,160,42,-118,160,42,-118,-73.75,Baja de mes 6 a mes 12
2025,13,10,13603,200385,Servicio de Salud Metropolitano Occidente,Isla de Maipo,Centro Comunitario de Salud Familiar San Vicente de Naltagua,Centro Comunitario de Salud Familiar (CECOSF),Municipal,Vigente en Operación Habitual,110375,16,11,-5,14,10,-4,18,5,-13,10,13,3,58,39,-19,58,39,-19,-32.76,Baja de mes 6 a mes 12
2025,13,10,13603,110375,Servicio de Salud Metropolitano Occidente,Isla de Maipo,Centro de Salud Familiar Isla de Maipo,Centro de Salud Familiar (CESFAM),Municipal,Vigente en Operación Habitual,,190,215,25,289,322,33,246,299,53,145,164,19,870,1000,130,870,1000,130,14.94,Aumento esperado
2025,13,10,13603,110425,Servicio de Salud Metropolitano Occidente,Isla de Maipo,Centro de Salud Familiar La Islita,Centro de Salud Familiar (CESFAM),Municipal,Vigente en Operación Habitual,,236,258,22,243,225,-18,183,157,-26,67,77,10,729,717,-12,729,717,-12,-1.65,Baja de mes 6 a mes 12
2025,13,10,13603,110431,Servicio de Salud Metropolitano Occidente,Isla de Maipo,Posta de Salud Rural Gacitúa,Posta de Salud Rural (PSR),Municipal,Vigente en Operación Habitual,,25,14,-11,31,14,-17,32,9,-23,20,8,-12,108,45,-63,108,45,-63,-58.33,Baja de mes 6 a mes 12
2025,13,10,13603,110432,Servicio de Salud Metropolitano Occidente,Isla de Maipo,Posta de Salud Rural Las Mercedes ( Isla de Maipo ),Posta de Salud Rural (PSR),Municipal,Vigente en Operación Habitual,,25,17,-8,21,7,-14,15,9,-6,9,5,-4,70,38,-32,70,38,-32,-45.71,Baja de mes 6 a mes 12
2025,13,10,13603,110430,Servicio de Salud Metropolitano Occidente,Isla de Maipo,Posta de Salud Rural San Antonio de Naltagua,Posta de Salud Rural (PSR),Municipal,Vigente en Operación Habitual,,21,13,-8,17,11,-6,7,9,2,15,6,-9,60,39,-21,60,39,-21,-35.0,Baja de mes 6 a mes 12
2025,13,10,13117,110345,Servicio de Salud Metropolitano Occidente,Lo Prado,Centro de Salud Familiar Dr. Carlos Avendaño,Centro de Salud Familiar (CESFAM),Municipal,Vigente en Operación Habitual,,304,227,-77,343,215,-128,347,270,-77,192,147,-45,1186,859,-327,1186,859,-327,-27.57,Baja de mes 6 a mes 12
2025,13,10,13117,110340,Servicio de Salud Metropolitano Occidente,Lo Prado,Centro de Salud Familiar Dr. Raúl Yazigi,Centro de Salud Familiar (CESFAM),Municipal,Vigente en Operación Habitual,,346,430,84,320,407,87,277,369,92,134,179,45,1077,1385,308,1077,1385,308,28.6,Aumento esperado
2025,13,10,13117,110316,Servicio de Salud Metropolitano Occidente,Lo Prado,Centro de Salud Familiar Pablo Neruda,Centro de Salud Familiar (CESFAM),Municipal,Vigente en Operación Habitual,,324,381,57,282,312,30,249,280,31,177,207,30,1032,1180,148,1032,1180,148,14.34,Aumento esperado
2025,13,10,13117,110315,Servicio de Salud Metropolitano Occidente,Lo Prado,Centro de Salud Familiar Santa Anita,Centro de Salud Familiar (CESFAM),Municipal,Vigente en Operación Habitual,,352,378,26,311,362,51,337,407,70,174,210,36,1174,1357,183,1174,1357,183,15.59,Aumento esperado
2025,13,10,13504,110385,Servicio de Salud Metropolitano Occidente,Maria Pinto,Centro de Salud Familiar Adriana Madrid De Costabal,Centro de Salud Familiar (CESFAM),Municipal,Vigente en Operación Habitual,,154,223,69,149,201,52,148,216,68,107,133,26,558,773,215,558,773,215,38.53,Aumento esperado
2025,13,10,13504,110475,Servicio de Salud Metropolitano Occidente,Maria Pinto,Posta de Salud Rural Chorombo,Posta de Salud Rural (PSR),Municipal,Vigente en Operación Habitual,,30,35,5,38,33,-5,28,30,2,12,14,2,108,112,4,108,112,4,3.7,Aumento esperado
2025,13,10,13504,110470,Servicio de Salud Metropolitano Occidente,Maria Pinto,Posta de Salud Rural Las Mercedes ( María Pinto ),Posta de Salud Rural (PSR),Municipal,Vigente en Operación Habitual,,9,12,3,12,13,1,17,24,7,16,15,-1,54,64,10,54,64,10,18.52,Aumento esperado
2025,13,10,13504,110465,Servicio de Salud Metropolitano Occidente,Maria Pinto,Posta de Salud Rural Santa Emilia,Posta de Salud Rural (PSR),Municipal,Vigente en Operación Habitual,,25,23,-2,18,22,4,33,30,-3,21,15,-6,97,90,-7,97,90,-7,-7.22,Baja de mes 6 a mes 12
2025,13,10,13501,110783,Servicio de Salud Metropolitano Occidente,Melipilla,Centro Comunitario de Salud Familiar Codigua,Centro Comunitario de Salud Familiar (CECOSF),Municipal,Vigente en Operación Habitual,110380,21,24,3,21,27,6,27,32,5,13,16,3,82,99,17,82,99,17,20.73,Aumento esperado
2025,13,10,13501,110781,Servicio de Salud Metropolitano Occidente,Melipilla,Centro Comunitario de Salud Familiar Obispo Pablo Lizama,Centro Comunitario de Salud Familiar (CECOSF),Municipal,Vigente en Operación Habitual,200965,30,48,18,8,32,24,8,27,19,2,7,5,48,114,66,48,114,66,137.5,Aumento esperado
2025,13,10,13501,110778,Servicio de Salud Metropolitano Occidente,Melipilla,Centro Comunitario de Salud Familiar Padre Demetrio Bravo,Centro Comunitario de Salud Familiar (CECOSF),Municipal,Vigente en Operación Habitual,110378,40,63,23,26,61,35,38,68,30,18,40,22,122,232,110,122,232,110,90.16,Aumento esperado
2025,13,10,13501,110381,Servicio de Salud Metropolitano Occidente,Melipilla,Centro de Salud Familiar Alfarera Rosa Reyes Vilches,Centro de Salud Familiar (CESFAM),Municipal,Vigente en Operación Habitual,,155,126,-29,122,111,-11,83,127,44,62,58,-4,422,422,0,422,422,0,0.0,Sin variacion
2025,13,10,13501,110378,Servicio de Salud Metropolitano Occidente,Melipilla,Centro de Salud Familiar Dr. Edelberto Elgueta,Centro de Salud Familiar (CESFAM),Municipal,Vigente en Operación Habitual,,399,465,66,434,512,78,419,491,72,241,281,40,1493,1749,256,1493,1749,256,17.15,Aumento esperado
2025,13,10,13501,110379,Servicio de Salud Metropolitano Occidente,Melipilla,Centro de Salud Familiar Dr. Francisco Boris Soler,Centro de Salud Familiar (CESFAM),Municipal,Vigente en Operación Habitual,,601,642,41,644,680,36,521,517,-4,244,273,29,2010,2112,102,2010,2112,102,5.07,Aumento esperado
2025,13,10,13501,200965,Servicio de Salud Metropolitano Occidente,Melipilla,Centro de Salud Familiar Florencia,Centro de Salud Familiar (CESFAM),Municipal,Vigente en Operación Habitual,,88,229,141,78,175,97,46,116,70,6,58,52,218,578,360,218,578,360,165.14,Aumento esperado
2025,13,10,13501,110380,Servicio de Salud Metropolitano Occidente,Melipilla,Centro de Salud Familiar San Manuel,Centro de Salud Familiar (CESFAM),Municipal,Vigente en Operación Habitual,,118,137,19,160,184,24,160,181,21,74,101,27,512,603,91,512,603,91,17.77,Aumento esperado
2025,13,10,13501,110440,Servicio de Salud Metropolitano Occidente,Melipilla,Posta de Salud Rural Bollenar,Posta de Salud Rural (PSR),Municipal,Vigente en Operación Habitual,,89,89,0,79,78,-1,88,88,0,51,55,4,307,310,3,307,310,3,0.98,Aumento esperado
2025,13,10,13501,110445,Servicio de Salud Metropolitano Occidente,Melipilla,Posta de Salud Rural Pahuilmo,Posta de Salud Rural (PSR),Municipal,Vigente en Operación Habitual,,39,33,-6,41,47,6,40,50,10,26,32,6,146,162,16,146,162,16,10.96,Aumento esperado
2025,13,10,13604,110366,Servicio de Salud Metropolitano Occidente,Padre Hurtado,Centro de Salud Familiar Juan Pablo II ( Padre Hurtado),Centro de Salud Familiar (CESFAM),Municipal,Vigente en Operación Habitual,,1612,1704,92,1523,1508,-15,1358,1294,-64,1035,967,-68,5528,5473,-55,5528,5473,-55,-0.99,Baja de mes 6 a mes 12
2025,13,10,13605,110369,Servicio de Salud Metropolitano Occidente,Peñaflor,Centro de Salud Familiar Dr. Fernando Monckeberg,Centro de Salud Familiar (CESFAM),Municipal,Vigente en Operación Habitual,,601,577,-24,550,538,-12,477,458,-19,325,330,5,1953,1903,-50,1953,1903,-50,-2.56,Baja de mes 6 a mes 12
2025,13,10,13605,110308,Servicio de Salud Metropolitano Occidente,Peñaflor,Centro de Salud Familiar Peñaflor,Centro de Salud Familiar (CESFAM),Municipal,Vigente en Operación Habitual,,90,347,257,104,292,188,120,292,172,105,115,10,419,1046,627,419,1046,627,149.64,Aumento esperado
2025,13,10,13124,110750,Servicio de Salud Metropolitano Occidente,Pudahuel,Centro Comunitario de Salud Familiar Concejal Guillermo Flores O.,Centro Comunitario de Salud Familiar (CECOSF),Municipal,Vigente en Operación Habitual,110350,15,17,2,33,17,-16,29,34,5,0,10,10,77,78,1,77,78,1,1.3,Aumento esperado
2025,13,10,13124,110410,Servicio de Salud Metropolitano Occidente,Pudahuel,Centro Comunitario de Salud Familiar Irene Frei Montalva,Centro Comunitario de Salud Familiar (CECOSF),Municipal,Vigente en Operación Habitual,110351,4,10,6,0,9,9,6,7,1,0,2,2,10,28,18,10,28,18,180.0,Aumento esperado
2025,13,10,13124,110756,Servicio de Salud Metropolitano Occidente,Pudahuel,Centro Comunitario de Salud Familiar Mar Caribe,Centro Comunitario de Salud Familiar (CECOSF),Municipal,Vigente en Operación Habitual,110350,30,22,-8,40,23,-17,17,22,5,12,18,6,99,85,-14,99,85,-14,-14.14,Baja de mes 6 a mes 12
2025,13,10,13124,110752,Servicio de Salud Metropolitano Occidente,Pudahuel,Centro Comunitario de Salud Familiar Padre Félix Gutiérrez Donoso,Centro Comunitario de Salud Familiar (CECOSF),Municipal,Vigente en Operación Habitual,110354,62,92,30,68,108,40,84,101,17,41,81,40,255,382,127,255,382,127,49.8,Aumento esperado
2025,13,10,13124,110754,Servicio de Salud Metropolitano Occidente,Pudahuel,Centro Comunitario de Salud Familiar Río Claro,Centro Comunitario de Salud Familiar (CECOSF),Municipal,Vigente en Operación Habitual,110354,23,44,21,33,54,21,32,53,21,20,40,20,108,191,83,108,191,83,76.85,Aumento esperado
2025,13,10,13124,110758,Servicio de Salud Metropolitano Occidente,Pudahuel,Centro Comunitario de Salud Familiar Santa Corina,Centro Comunitario de Salud Familiar (CECOSF),Municipal,Vigente en Operación Habitual,110350,35,44,9,15,20,5,13,20,7,9,8,-1,72,92,20,72,92,20,27.78,Aumento esperado
2025,13,10,13124,201353,Servicio de Salud Metropolitano Occidente,Pudahuel,Centro Comunitario de Salud Familiar Unión y Esfuerzo Rural,Centro Comunitario de Salud Familiar (CECOSF),Municipal,Vigente en Operación Habitual,,0,4,4,0,3,3,1,3,2,0,0,0,1,10,9,1,10,9,900.0,Aumento esperado
2025,13,10,13124,110353,Servicio de Salud Metropolitano Occidente,Pudahuel,Centro de Salud Familiar Cardenal Raúl Silva Henríquez,Centro de Salud Familiar (CESFAM),Municipal,Vigente en Operación Habitual,,279,349,70,212,270,58,135,211,76,67,129,62,693,959,266,693,959,266,38.38,Aumento esperado
2025,13,10,13124,110352,Servicio de Salud Metropolitano Occidente,Pudahuel,Centro de Salud Familiar Dr. Gustavo Molina,Centro de Salud Familiar (CESFAM),Municipal,Vigente en Operación Habitual,,214,302,88,294,475,181,360,551,191,229,249,20,1097,1577,480,1097,1577,480,43.76,Aumento esperado
2025,13,10,13124,110350,Servicio de Salud Metropolitano Occidente,Pudahuel,Centro de Salud Familiar Pudahuel Estrella,Centro de Salud Familiar (CESFAM),Municipal,Vigente en Operación Habitual,,518,555,37,547,539,-8,605,607,2,323,236,-87,1993,1937,-56,1993,1937,-56,-2.81,Baja de mes 6 a mes 12
2025,13,10,13124,110351,Servicio de Salud Metropolitano Occidente,Pudahuel,Centro de Salud Familiar Pudahuel Poniente,Centro de Salud Familiar (CESFAM),Municipal,Vigente en Operación Habitual,,352,220,-132,207,145,-62,193,163,-30,152,119,-33,904,647,-257,904,647,-257,-28.43,Baja de mes 6 a mes 12
2025,13,10,13124,110354,Servicio de Salud Metropolitano Occidente,Pudahuel,Centro de Salud Familiar Violeta Parra,Centro de Salud Familiar (CESFAM),Municipal,Vigente en Operación Habitual,,192,202,10,233,393,160,249,399,150,113,173,60,787,1167,380,787,1167,380,48.28,Aumento esperado
2025,13,10,13126,110720,Servicio de Salud Metropolitano Occidente,Quinta Normal,Centro Comunitario de Salud Familiar Catamarca,Centro Comunitario de Salud Familiar (CECOSF),Municipal,Vigente en Operación Habitual,110320,45,44,-1,62,49,-13,63,59,-4,47,41,-6,217,193,-24,217,193,-24,-11.06,Baja de mes 6 a mes 12
2025,13,10,13126,110310,Servicio de Salud Metropolitano Occidente,Quinta Normal,Centro de Salud Familiar Andes,Centro de Salud Familiar (CESFAM),Servicio de Salud,Vigente en Operación Habitual,,96,144,48,131,114,-17,91,106,15,82,61,-21,400,425,25,400,425,25,6.25,Aumento esperado
2025,13,10,13126,110325,Servicio de Salud Metropolitano Occidente,Quinta Normal,Centro de Salud Familiar Garín,Centro de Salud Familiar (CESFAM),Municipal,Vigente en Operación Habitual,,361,77,-284,394,383,-11,335,404,69,180,219,39,1270,1083,-187,1270,1083,-187,-14.72,Baja de mes 6 a mes 12
2025,13,10,13126,110320,Servicio de Salud Metropolitano Occidente,Quinta Normal,Centro de Salud Familiar Lo Franco,Centro de Salud Familiar (CESFAM),Municipal,Vigente en Operación Habitual,,168,298,130,143,365,222,155,182,27,92,92,0,558,937,379,558,937,379,67.92,Aumento esperado
2025,13,10,13128,110361,Servicio de Salud Metropolitano Occidente,Renca,Centro de Salud Familiar Bicentenario,Centro de Salud Familiar (CESFAM),Municipal,Vigente en Operación Habitual,,654,659,5,593,593,0,491,475,-16,170,191,21,1908,1918,10,1908,1918,10,0.52,Aumento esperado
2025,13,10,13128,110362,Servicio de Salud Metropolitano Occidente,Renca,Centro de Salud Familiar Dr. Hernán Urzúa Merino,Centro de Salud Familiar (CESFAM),Municipal,Vigente en Operación Habitual,,409,375,-34,273,257,-16,384,319,-65,290,278,-12,1356,1229,-127,1356,1229,-127,-9.37,Baja de mes 6 a mes 12
2025,13,10,13128,110364,Servicio de Salud Metropolitano Occidente,Renca,Centro de Salud Familiar Huamachuco,Centro de Salud Familiar (CESFAM),Municipal,Vigente en Operación Habitual,,240,303,63,206,241,35,158,179,21,74,84,10,678,807,129,678,807,129,19.03,Aumento esperado
2025,13,10,13128,110360,Servicio de Salud Metropolitano Occidente,Renca,Centro de Salud Familiar Renca,Centro de Salud Familiar (CESFAM),Municipal,Vigente en Operación Habitual,,437,954,517,432,883,451,456,925,469,284,490,206,1609,3252,1643,1609,3252,1643,102.11,Aumento esperado
2025,13,10,13505,110387,Servicio de Salud Metropolitano Occidente,San Pedro,Centro de Salud Familiar San Pedro,Centro de Salud Familiar (CESFAM),Municipal,Vigente en Operación Habitual,,128,150,22,116,143,27,81,107,26,36,31,-5,361,431,70,361,431,70,19.39,Aumento esperado
2025,13,10,13505,110495,Servicio de Salud Metropolitano Occidente,San Pedro,Posta de Salud Rural El Prado,Posta de Salud Rural (PSR),Municipal,Vigente en Operación Habitual,,12,14,2,11,8,-3,8,6,-2,2,2,0,33,30,-3,33,30,-3,-9.09,Baja de mes 6 a mes 12
2025,13,10,13505,110490,Servicio de Salud Metropolitano Occidente,San Pedro,Posta de Salud Rural La Manga,Posta de Salud Rural (PSR),Municipal,Vigente en Operación Habitual,,8,8,0,11,11,0,3,5,2,6,3,-3,28,27,-1,28,27,-1,-3.57,Baja de mes 6 a mes 12
2025,13,10,13505,110485,Servicio de Salud Metropolitano Occidente,San Pedro,Posta de Salud Rural Loica,Posta de Salud Rural (PSR),Municipal,Cerrado,,21,14,-7,20,8,-12,20,6,-14,7,2,-5,68,30,-38,68,30,-38,-55.88,Baja de mes 6 a mes 12
2025,13,10,13505,110492,Servicio de Salud Metropolitano Occidente,San Pedro,Posta de Salud Rural Nihue,Posta de Salud Rural (PSR),Municipal,Vigente en Operación Habitual,,10,9,-1,14,11,-3,7,12,5,3,3,0,34,35,1,34,35,1,2.94,Aumento esperado
2025,13,10,13601,200365,Servicio de Salud Metropolitano Occidente,Talagante,Centro Comunitario de Salud Familiar Villa Los Presidentes,Centro Comunitario de Salud Familiar (CECOSF),Municipal,Vigente en Operación Habitual,110390,74,73,-1,61,61,0,31,38,7,18,7,-11,184,179,-5,184,179,-5,-2.72,Baja de mes 6 a mes 12
2025,13,10,13601,110390,Servicio de Salud Metropolitano Occidente,Talagante,Centro de Salud Familiar Dr. Alberto Allende Jones,Centro de Salud Familiar (CESFAM),Municipal,Vigente en Operación Habitual,,1321,1502,181,1386,1674,288,1299,1559,260,947,1276,329,4953,6011,1058,4953,6011,1058,21.36,Aumento esperado
2025,13,10,13601,110400,Servicio de Salud Metropolitano Occidente,Talagante,Posta de Salud Rural Aliro Cárcarmo (Lonquén),Posta de Salud Rural (PSR),Municipal,Vigente en Operación Habitual,,78,79,1,42,52,10,32,58,26,35,13,-22,187,202,15,187,202,15,8.02,Aumento esperado
2025,13,12,13113,112320,Servicio de Salud Metropolitano Oriente,La Reina,Centro de Salud Familiar Juan Pablo II ( La Reina),Centro de Salud Familiar (CESFAM),Municipal,Vigente en Operación Habitual,,68,170,102,47,140,93,39,122,83,22,78,56,176,510,334,176,510,334,189.77,Aumento esperado
2025,13,12,13113,112317,Servicio de Salud Metropolitano Oriente,La Reina,Centro de Salud Familiar Ossandon,Centro de Salud Familiar (CESFAM),Municipal,Vigente en Operación Habitual,,426,553,127,422,534,112,439,572,133,365,446,81,1652,2105,453,1652,2105,453,27.42,Aumento esperado
2025,13,12,13114,112306,Servicio de Salud Metropolitano Oriente,Las Condes,Centro de Salud Familiar Aníbal Ariztía,Centro de Salud Familiar (CESFAM),Municipal,Vigente en Operación Habitual,,593,719,126,633,766,133,693,874,181,425,495,70,2344,2854,510,2344,2854,510,21.76,Aumento esperado
2025,13,12,13114,112304,Servicio de Salud Metropolitano Oriente,Las Condes,Centro de Salud Familiar Apoquindo,Centro de Salud Familiar (CESFAM),Municipal,Vigente en Operación Habitual,,653,611,-42,733,668,-65,840,769,-71,675,613,-62,2901,2661,-240,2901,2661,-240,-8.27,Baja de mes 6 a mes 12
2025,13,12,13115,112307,Servicio de Salud Metropolitano Oriente,Lo Barnechea,Centro de Salud Familiar Lo Barnechea,Centro de Salud Familiar (CESFAM),Municipal,Vigente en Operación Habitual,,718,864,146,737,902,165,615,782,167,326,420,94,2396,2968,572,2396,2968,572,23.87,Aumento esperado
2025,13,12,13118,112312,Servicio de Salud Metropolitano Oriente,Macul,Centro de Salud Familiar Félix de Amesti,Centro de Salud Familiar (CESFAM),Municipal,Vigente en Operación Habitual,,552,579,27,494,541,47,548,610,62,419,609,190,2013,2339,326,2013,2339,326,16.19,Aumento esperado
2025,13,12,13118,112319,Servicio de Salud Metropolitano Oriente,Macul,Centro de Salud Familiar Padre Alberto Hurtado,Centro de Salud Familiar (CESFAM),Municipal,Vigente en Operación Habitual,,266,324,58,286,347,61,363,385,22,242,283,41,1157,1339,182,1157,1339,182,15.73,Aumento esperado
2025,13,12,13118,112313,Servicio de Salud Metropolitano Oriente,Macul,Centro de Salud Familiar Santa Julia,Centro de Salud Familiar (CESFAM),Municipal,Vigente en Operación Habitual,,393,410,17,468,447,-21,442,454,12,234,281,47,1537,1592,55,1537,1592,55,3.58,Aumento esperado
2025,13,12,13122,112321,Servicio de Salud Metropolitano Oriente,Peñalolén,Centro de Salud Familiar Cardenal Silva Henríquez,Centro de Salud Familiar (CESFAM),Municipal,Vigente en Operación Habitual,,294,311,17,241,267,26,193,263,70,72,126,54,800,967,167,800,967,167,20.88,Aumento esperado
2025,13,12,13122,112316,Servicio de Salud Metropolitano Oriente,Peñalolén,Centro de Salud Familiar Carol Urzúa Ibáñez,Centro de Salud Familiar (CESFAM),Municipal,Vigente en Operación Habitual,,1076,741,-335,1076,733,-343,867,614,-253,145,281,136,3164,2369,-795,3164,2369,-795,-25.13,Baja de mes 6 a mes 12
2025,13,12,13122,112314,Servicio de Salud Metropolitano Oriente,Peñalolén,Centro de Salud Familiar La Faena,Centro de Salud Familiar (CESFAM),Municipal,Vigente en Operación Habitual,,422,237,-185,369,147,-222,305,121,-184,143,48,-95,1239,553,-686,1239,553,-686,-55.37,Baja de mes 6 a mes 12
2025,13,12,13122,201112,Servicio de Salud Metropolitano Oriente,Peñalolén,Centro de Salud Familiar Las Torres,Centro de Salud Familiar (CESFAM),Municipal,Vigente en Operación Habitual,,276,445,169,218,327,109,137,251,114,142,213,71,773,1236,463,773,1236,463,59.9,Aumento esperado
2025,13,12,13122,112318,Servicio de Salud Metropolitano Oriente,Peñalolén,Centro de Salud Familiar Lo Hermida,Centro de Salud Familiar (CESFAM),Municipal,Vigente en Operación Habitual,,245,330,85,224,312,88,198,268,70,131,177,46,798,1087,289,798,1087,289,36.22,Aumento esperado
2025,13,12,13122,112322,Servicio de Salud Metropolitano Oriente,Peñalolén,Centro de Salud Familiar Padre Gerardo Whelan,Centro de Salud Familiar (CESFAM),Municipal,Vigente en Operación Habitual,,356,397,41,223,268,45,117,165,48,46,94,48,742,924,182,742,924,182,24.53,Aumento esperado
2025,13,12,13122,112315,Servicio de Salud Metropolitano Oriente,Peñalolén,Centro de Salud Familiar San Luis,Centro de Salud Familiar (CESFAM),Municipal,Vigente en Operación Habitual,,210,288,78,147,219,72,148,185,37,84,94,10,589,786,197,589,786,197,33.45,Aumento esperado
2025,13,12,13123,112303,Servicio de Salud Metropolitano Oriente,Providencia,Centro de Salud Familiar Aguilucho,Centro de Salud Familiar (CESFAM),Municipal,Vigente en Operación Habitual,,315,397,82,317,446,129,370,504,134,272,357,85,1274,1704,430,1274,1704,430,33.75,Aumento esperado
2025,13,12,13123,112302,Servicio de Salud Metropolitano Oriente,Providencia,Centro de Salud Familiar Dr. Alfonso Leng,Centro de Salud Familiar (CESFAM),Municipal,Vigente en Operación Habitual,,264,292,28,45,306,261,234,310,76,200,233,33,743,1141,398,743,1141,398,53.57,Aumento esperado
2025,13,12,13123,112301,Servicio de Salud Metropolitano Oriente,Providencia,Centro de Salud Familiar Dr. Hernán Alessandri,Centro de Salud Familiar (CESFAM),Municipal,Vigente en Operación Habitual,,277,311,34,240,283,43,285,341,56,226,286,60,1028,1221,193,1028,1221,193,18.77,Aumento esperado
2025,13,12,13132,112309,Servicio de Salud Metropolitano Oriente,Vitacura,Centro de Salud Familiar Vitacura,Centro de Salud Familiar (CESFAM),Municipal,Vigente en Operación Habitual,,519,594,75,572,632,60,544,630,86,335,386,51,1970,2242,272,1970,2242,272,13.81,Aumento esperado
2025,13,12,13120,112310,Servicio de Salud Metropolitano Oriente,Ñuñoa,Centro de Salud Familiar Rosita Renard,Centro de Salud Familiar (CESFAM),Municipal,Vigente en Operación Habitual,,44,341,297,41,386,345,46,577,531,46,526,480,177,1830,1653,177,1830,1653,933.9,Aumento esperado
2025,13,12,13120,112311,Servicio de Salud Metropolitano Oriente,Ñuñoa,Centro de Salud Familiar Salvador Bustos,Centro de Salud Familiar (CESFAM),Municipal,Vigente en Operación Habitual,,292,372,80,291,365,74,330,459,129,261,338,77,1174,1534,360,1174,1534,360,30.66,Aumento esperado
2025,13,13,13402,113790,Servicio de Salud Metropolitano Sur,Buin,Centro Comunitario de Salud Familiar Dr. Héctor García,Centro Comunitario de Salud Familiar (CECOSF),Municipal,Vigente en Operación Habitual,113390,177,183,6,184,191,7,135,144,9,51,61,10,547,579,32,547,579,32,5.85,Aumento esperado
2025,13,13,13402,113402,Servicio de Salud Metropolitano Sur,Buin,Centro Comunitario de Salud Familiar Dr. Ramón Galindo,Centro Comunitario de Salud Familiar (CECOSF),Municipal,Vigente en Operación Habitual,113333,77,135,58,68,140,72,71,119,48,40,77,37,256,471,215,256,471,215,83.98,Aumento esperado
2025,13,13,13402,113333,Servicio de Salud Metropolitano Sur,Buin,Centro de Salud Familiar Alto Jahuel,Centro de Salud Familiar (CESFAM),Municipal,Vigente en Operación Habitual,,129,227,98,110,219,109,116,226,110,53,125,72,408,797,389,408,797,389,95.34,Aumento esperado
2025,13,13,13402,113390,Servicio de Salud Metropolitano Sur,Buin,Centro de Salud Familiar Dr. Héctor García,Centro de Salud Familiar (CESFAM),Municipal,Vigente en Operación Habitual,,583,582,-1,559,560,1,524,545,21,286,293,7,1952,1980,28,1952,1980,28,1.43,Aumento esperado
2025,13,13,13402,113320,Servicio de Salud Metropolitano Sur,Buin,Centro de Salud Familiar Maipo,Centro de Salud Familiar (CESFAM),Municipal,Vigente en Operación Habitual,,295,309,14,266,285,19,222,234,12,140,148,8,923,976,53,923,976,53,5.74,Aumento esperado
2025,13,13,13402,113406,Servicio de Salud Metropolitano Sur,Buin,Posta de Salud Rural El Recurso,Posta de Salud Rural (PSR),Municipal,Vigente en Operación Habitual,,25,34,9,19,38,19,17,27,10,4,10,6,65,109,44,65,109,44,67.69,Aumento esperado
2025,13,13,13402,113407,Servicio de Salud Metropolitano Sur,Buin,Posta de Salud Rural Los Morros,Posta de Salud Rural (PSR),Municipal,Vigente en Operación Habitual,,42,74,32,44,77,33,34,58,24,16,31,15,136,240,104,136,240,104,76.47,Aumento esperado
2025,13,13,13402,113404,Servicio de Salud Metropolitano Sur,Buin,Posta de Salud Rural Valdivia de Paine,Posta de Salud Rural (PSR),Municipal,Vigente en Operación Habitual,,78,90,12,55,55,0,66,68,2,34,34,0,233,247,14,233,247,14,6.01,Aumento esperado
2025,13,13,13402,113405,Servicio de Salud Metropolitano Sur,Buin,Posta de Salud Rural Viluco,Posta de Salud Rural (PSR),Municipal,Vigente en Operación Habitual,,88,98,10,76,94,18,83,95,12,36,42,6,283,329,46,283,329,46,16.25,Aumento esperado
2025,13,13,13403,113321,Servicio de Salud Metropolitano Sur,Calera de Tango,Centro de Salud Familiar Calera de Tango,Centro de Salud Familiar (CESFAM),Municipal,Vigente en Operación Habitual,,148,187,39,124,167,43,125,158,33,69,80,11,466,592,126,466,592,126,27.04,Aumento esperado
2025,13,13,13403,113334,Servicio de Salud Metropolitano Sur,Calera de Tango,Centro de Salud Familiar Los Bajos de San Agustín,Centro de Salud Familiar (CESFAM),Municipal,Vigente en Operación Habitual,,195,202,7,176,201,25,193,193,0,118,124,6,682,720,38,682,720,38,5.57,Aumento esperado
2025,13,13,13403,113413,Servicio de Salud Metropolitano Sur,Calera de Tango,Posta de Salud Rural Santa Inés,Posta de Salud Rural (PSR),Municipal,Vigente en Operación Habitual,,7,2,-5,5,3,-2,8,4,-4,3,0,-3,23,9,-14,23,9,-14,-60.87,Baja de mes 6 a mes 12
2025,13,13,13105,200962,Servicio de Salud Metropolitano Sur,El Bosque,Centro Comunitario de Salud Familiar Los Sauces,Centro Comunitario de Salud Familiar (CECOSF),Municipal,Vigente en Operación Habitual,113312,42,43,1,60,57,-3,54,49,-5,17,31,14,173,180,7,173,180,7,4.05,Aumento esperado
2025,13,13,13105,113329,Servicio de Salud Metropolitano Sur,El Bosque,Centro de Salud Familiar Canciller Orlando Letelier,Centro de Salud Familiar (CESFAM),Municipal,Vigente en Operación Habitual,,245,329,84,187,342,155,185,289,104,123,187,64,740,1147,407,740,1147,407,55.0,Aumento esperado
2025,13,13,13105,113314,Servicio de Salud Metropolitano Sur,El Bosque,Centro de Salud Familiar Cóndores de Chile,Centro de Salud Familiar (CESFAM),Municipal,Vigente en Operación Habitual,,468,581,113,538,670,132,471,584,113,164,256,92,1641,2091,450,1641,2091,450,27.42,Aumento esperado
2025,13,13,13105,113312,Servicio de Salud Metropolitano Sur,El Bosque,Centro de Salud Familiar Dr. Carlos Lorca Tobar,Centro de Salud Familiar (CESFAM),Municipal,Vigente en Operación Habitual,,390,373,-17,428,371,-57,393,406,13,172,179,7,1383,1329,-54,1383,1329,-54,-3.9,Baja de mes 6 a mes 12
2025,13,13,13105,113323,Servicio de Salud Metropolitano Sur,El Bosque,Centro de Salud Familiar Dr. Mario Salcedo,Centro de Salud Familiar (CESFAM),Municipal,Vigente en Operación Habitual,,248,271,23,250,277,27,346,395,49,229,268,39,1073,1211,138,1073,1211,138,12.86,Aumento esperado
2025,13,13,13105,113324,Servicio de Salud Metropolitano Sur,El Bosque,Centro de Salud Familiar Dra. Haydeé López Casoou,Centro de Salud Familiar (CESFAM),Municipal,Vigente en Operación Habitual,,390,414,24,326,369,43,272,313,41,155,158,3,1143,1254,111,1143,1254,111,9.71,Aumento esperado
2025,13,13,13105,113317,Servicio de Salud Metropolitano Sur,El Bosque,Centro de Salud Familiar Santa Laura,Centro de Salud Familiar (CESFAM),Municipal,Vigente en Operación Habitual,,572,677,105,548,703,155,607,735,128,263,323,60,1990,2438,448,1990,2438,448,22.51,Aumento esperado
2025,13,13,13109,113326,Servicio de Salud Metropolitano Sur,La Cisterna,Centro de Salud Familiar Eduardo Frei Montalva,Centro de Salud Familiar (CESFAM),Municipal,Vigente en Operación Habitual,,485,647,162,511,657,146,537,694,157,309,402,93,1842,2400,558,1842,2400,558,30.29,Aumento esperado
2025,13,13,13109,113311,Servicio de Salud Metropolitano Sur,La Cisterna,Centro de Salud Familiar Santa Anselma,Centro de Salud Familiar (CESFAM),Municipal,Vigente en Operación Habitual,,568,656,88,545,680,135,565,670,105,392,470,78,2070,2476,406,2070,2476,406,19.61,Aumento esperado
2025,13,13,13116,113308,Servicio de Salud Metropolitano Sur,Lo Espejo,Centro de Salud Familiar Clara Estrella,Centro de Salud Familiar (CESFAM),Municipal,Vigente en Operación Habitual,,100,130,30,87,159,72,120,212,92,44,127,83,351,628,277,351,628,277,78.92,Aumento esperado
2025,13,13,13116,113310,Servicio de Salud Metropolitano Sur,Lo Espejo,Centro de Salud Familiar Dra. Mariela Salgado Zepeda,Centro de Salud Familiar (CESFAM),Municipal,Vigente en Operación Habitual,,183,192,9,197,203,6,273,303,30,153,171,18,806,869,63,806,869,63,7.82,Aumento esperado
2025,13,13,13116,113309,Servicio de Salud Metropolitano Sur,Lo Espejo,Centro de Salud Familiar Julio Acuña Pinzón,Centro de Salud Familiar (CESFAM),Municipal,Vigente en Operación Habitual,,367,340,-27,312,284,-28,328,302,-26,142,144,2,1149,1070,-79,1149,1070,-79,-6.88,Baja de mes 6 a mes 12
2025,13,13,13116,113396,Servicio de Salud Metropolitano Sur,Lo Espejo,Centro de Salud Familiar Pueblo Lo Espejo,Centro de Salud Familiar (CESFAM),Municipal,Vigente en Operación Habitual,,411,431,20,347,402,55,289,326,37,101,125,24,1148,1284,136,1148,1284,136,11.85,Aumento esperado
2025,13,13,13404,113318,Servicio de Salud Metropolitano Sur,Paine,Centro de Salud Familiar Dr. Miguel Ángel Solar (ex CESFAM Paine),Centro de Salud Familiar (CESFAM),Municipal,Vigente en Operación Habitual,,752,759,7,681,709,28,616,610,-6,260,302,42,2309,2380,71,2309,2380,71,3.07,Aumento esperado
2025,13,13,13404,113319,Servicio de Salud Metropolitano Sur,Paine,Centro de Salud Familiar Dr. Raúl Moya,Centro de Salud Familiar (CESFAM),Municipal,Vigente en Operación Habitual,,247,276,29,256,286,30,259,306,47,121,182,61,883,1050,167,883,1050,167,18.91,Aumento esperado
2025,13,13,13404,113411,Servicio de Salud Metropolitano Sur,Paine,Posta de Salud Rural Abrantes,Posta de Salud Rural (PSR),Municipal,Vigente en Operación Habitual,,47,58,11,47,55,8,48,49,1,27,20,-7,169,182,13,169,182,13,7.69,Aumento esperado
2025,13,13,13404,113412,Servicio de Salud Metropolitano Sur,Paine,Posta de Salud Rural Chada,Posta de Salud Rural (PSR),Municipal,Vigente en Operación Habitual,,38,53,15,52,58,6,37,52,15,20,19,-1,147,182,35,147,182,35,23.81,Aumento esperado
2025,13,13,13404,113409,Servicio de Salud Metropolitano Sur,Paine,Posta de Salud Rural Huelquén,Posta de Salud Rural (PSR),Municipal,Vigente en Operación Habitual,,76,151,75,101,191,90,66,152,86,36,68,32,279,562,283,279,562,283,101.43,Aumento esperado
2025,13,13,13404,113408,Servicio de Salud Metropolitano Sur,Paine,Posta de Salud Rural Pintué,Posta de Salud Rural (PSR),Municipal,Vigente en Operación Habitual,,69,73,4,62,99,37,52,78,26,32,73,41,215,323,108,215,323,108,50.23,Aumento esperado
2025,13,13,13404,113410,Servicio de Salud Metropolitano Sur,Paine,Posta de Salud Rural Rangue,Posta de Salud Rural (PSR),Municipal,Vigente en Operación Habitual,,25,35,10,34,46,12,18,34,16,28,31,3,105,146,41,105,146,41,39.05,Aumento esperado
2025,13,13,13121,113303,Servicio de Salud Metropolitano Sur,Pedro Aguirre Cerda,Centro de Salud Familiar Amador Neghme,Centro de Salud Familiar (CESFAM),Municipal,Vigente en Operación Habitual,,346,402,56,398,406,8,496,531,35,249,261,12,1489,1600,111,1489,1600,111,7.45,Aumento esperado
2025,13,13,13121,113331,Servicio de Salud Metropolitano Sur,Pedro Aguirre Cerda,Centro de Salud Familiar Edgardo Enríquez Fröedden,Centro de Salud Familiar (CESFAM),Municipal,Vigente en Operación Habitual,,363,307,-56,396,358,-38,457,464,7,252,270,18,1468,1399,-69,1468,1399,-69,-4.7,Baja de mes 6 a mes 12
2025,13,13,13121,111303,Servicio de Salud Metropolitano Sur,Pedro Aguirre Cerda,Centro de Salud Familiar Lo Valledor Norte,Centro de Salud Familiar (CESFAM),Municipal,Vigente en Operación Habitual,,352,302,-50,338,276,-62,403,335,-68,267,218,-49,1360,1131,-229,1360,1131,-229,-16.84,Baja de mes 6 a mes 12
2025,13,13,13121,113306,Servicio de Salud Metropolitano Sur,Pedro Aguirre Cerda,Centro de Salud Familiar Padre Pierre Dubois (Ex La Feria),Centro de Salud Familiar (CESFAM),Municipal,Vigente en Operación Habitual,,330,327,-3,387,376,-11,466,444,-22,197,174,-23,1380,1321,-59,1380,1321,-59,-4.28,Baja de mes 6 a mes 12
2025,13,13,13401,113713,Servicio de Salud Metropolitano Sur,San Bernardo,Centro Comunitario de Salud Familiar Ribera del Maipo,Centro Comunitario de Salud Familiar (CECOSF),Municipal,Vigente en Operación Habitual,113328,42,42,0,35,37,2,22,26,4,15,17,2,114,122,8,114,122,8,7.02,Aumento esperado
2025,13,13,13401,113316,Servicio de Salud Metropolitano Sur,San Bernardo,Centro de Salud Familiar Carol Urzúa,Centro de Salud Familiar (CESFAM),Municipal,Vigente en Operación Habitual,,370,348,-22,388,359,-29,379,372,-7,142,151,9,1279,1230,-49,1279,1230,-49,-3.83,Baja de mes 6 a mes 12
2025,13,13,13401,113315,Servicio de Salud Metropolitano Sur,San Bernardo,Centro de Salud Familiar Confraternidad,Centro de Salud Familiar (CESFAM),Municipal,Vigente en Operación Habitual,,303,289,-14,243,249,6,202,210,8,79,74,-5,827,822,-5,827,822,-5,-0.6,Baja de mes 6 a mes 12
2025,13,13,13401,113394,Servicio de Salud Metropolitano Sur,San Bernardo,Centro de Salud Familiar El Manzano,Centro de Salud Familiar (CESFAM),Municipal,Vigente en Operación Habitual,,273,249,-24,201,195,-6,192,195,3,111,120,9,777,759,-18,777,759,-18,-2.32,Baja de mes 6 a mes 12
2025,13,13,13401,113332,Servicio de Salud Metropolitano Sur,San Bernardo,Centro de Salud Familiar Juan Pablo II ( San Bernardo),Centro de Salud Familiar (CESFAM),Municipal,Vigente en Operación Habitual,,419,483,64,304,375,71,277,324,47,107,140,33,1107,1322,215,1107,1322,215,19.42,Aumento esperado
2025,13,13,13401,113328,Servicio de Salud Metropolitano Sur,San Bernardo,Centro de Salud Familiar Padre Joan Alsina,Centro de Salud Familiar (CESFAM),Municipal,Vigente en Operación Habitual,,456,431,-25,387,375,-12,335,344,9,151,161,10,1329,1311,-18,1329,1311,-18,-1.35,Baja de mes 6 a mes 12
2025,13,13,13401,113330,Servicio de Salud Metropolitano Sur,San Bernardo,Centro de Salud Familiar Raúl Brañes F.,Centro de Salud Familiar (CESFAM),Municipal,Vigente en Operación Habitual,,438,354,-84,365,322,-43,321,279,-42,127,126,-1,1251,1081,-170,1251,1081,-170,-13.59,Baja de mes 6 a mes 12
2025,13,13,13401,113313,Servicio de Salud Metropolitano Sur,San Bernardo,Centro de Salud Familiar Raúl Cuevas (Ex-San Bernardo),Centro de Salud Familiar (CESFAM),Municipal,Vigente en Operación Habitual,,393,934,541,388,1001,613,366,1081,715,203,409,206,1350,3425,2075,1350,3425,2075,153.7,Aumento esperado
2025,13,13,13129,200210,Servicio de Salud Metropolitano Sur,San Joaquín,Centro Comunitario de Salud Familiar Coñimo,Centro Comunitario de Salud Familiar (CECOSF),Municipal,Vigente en Operación Habitual,113322,117,115,-2,118,117,-1,118,120,2,48,63,15,401,415,14,401,415,14,3.49,Aumento esperado
2025,13,13,13129,113722,Servicio de Salud Metropolitano Sur,San Joaquín,Centro Comunitario de Salud Familiar Dr. Salvador Allende,Centro Comunitario de Salud Familiar (CECOSF),Municipal,Vigente en Operación Habitual,113322,74,78,4,99,80,-19,92,100,8,56,150,94,321,408,87,321,408,87,27.1,Aumento esperado
2025,13,13,13129,200337,Servicio de Salud Metropolitano Sur,San Joaquín,Centro Comunitario de Salud Familiar Martín Henríquez,Centro Comunitario de Salud Familiar (CECOSF),Municipal,Vigente en Operación Habitual,113305,15,33,18,13,30,17,9,21,12,7,27,20,44,111,67,44,111,67,152.27,Aumento esperado
2025,13,13,13129,113753,Servicio de Salud Metropolitano Sur,San Joaquín,Centro Comunitario de Salud Familiar Reverendo Javier Peró,Centro Comunitario de Salud Familiar (CECOSF),Municipal,Vigente en Operación Habitual,113301,36,45,9,52,47,-5,49,35,-14,17,31,14,154,158,4,154,158,4,2.6,Aumento esperado
2025,13,13,13129,113702,Servicio de Salud Metropolitano Sur,San Joaquín,Centro Comunitario de Salud Familiar Sierra Bella,Centro Comunitario de Salud Familiar (CECOSF),Municipal,Vigente en Operación Habitual,113301,29,72,43,32,66,34,27,48,21,16,41,25,104,227,123,104,227,123,118.27,Aumento esperado
2025,13,13,13129,113701,Servicio de Salud Metropolitano Sur,San Joaquín,Centro Comunitario de Salud Familiar Yalta,Centro Comunitario de Salud Familiar (CECOSF),Municipal,Vigente en Operación Habitual,113301,44,87,43,38,83,45,38,88,50,19,42,23,139,300,161,139,300,161,115.83,Aumento esperado
2025,13,13,13129,113305,Servicio de Salud Metropolitano Sur,San Joaquín,Centro de Salud Familiar Arturo Baeza Goñi,Centro de Salud Familiar (CESFAM),Municipal,Vigente en Operación Habitual,,50,208,158,58,217,159,47,230,183,5,155,150,160,810,650,160,810,650,406.25,Aumento esperado
2025,13,13,13129,113301,Servicio de Salud Metropolitano Sur,San Joaquín,Centro de Salud Familiar San Joaquín,Centro de Salud Familiar (CESFAM),Municipal,Vigente en Operación Habitual,,158,641,483,160,663,503,217,743,526,126,470,344,661,2517,1856,661,2517,1856,280.79,Aumento esperado
2025,13,13,13129,113322,Servicio de Salud Metropolitano Sur,San Joaquín,Centro de Salud Familiar Santa Teresa de Los Andes,Centro de Salud Familiar (CESFAM),Municipal,Vigente en Operación Habitual,,355,386,31,412,385,-27,429,421,-8,225,277,52,1421,1469,48,1421,1469,48,3.38,Aumento esperado
2025,13,13,13130,200361,Servicio de Salud Metropolitano Sur,San Miguel,Centro Comunitario de Salud Familiar Atacama,Centro Comunitario de Salud Familiar (CECOSF),Municipal,Vigente en Operación Habitual,113302,8,8,0,25,25,0,24,24,0,16,16,0,73,73,0,73,73,0,0.0,Sin variacion
2025,13,13,13130,113300,Servicio de Salud Metropolitano Sur,San Miguel,Centro de Salud Familiar Barros Luco,Centro de Salud Familiar (CESFAM),Municipal,Vigente en Operación Habitual,,594,643,49,645,685,40,709,849,140,477,535,58,2425,2712,287,2425,2712,287,11.84,Aumento esperado
2025,13,13,13130,113302,Servicio de Salud Metropolitano Sur,San Miguel,Centro de Salud Familiar Recreo,Centro de Salud Familiar (CESFAM),Municipal,Vigente en Operación Habitual,,198,444,246,209,479,270,224,553,329,120,334,214,751,1810,1059,751,1810,1059,141.01,Aumento esperado
2025,13,14,13110,200475,Servicio de Salud Metropolitano Sur Oriente,La Florida,Centro Comunitario de Salud Familiar Las Lomas,Centro Comunitario de Salud Familiar (CECOSF),Municipal,Vigente en Operación Habitual,114303,0,8,8,0,5,5,0,15,15,0,12,12,0,40,40,0,40,40,0.0,Aparece solo en mes 12
2025,13,14,13110,114303,Servicio de Salud Metropolitano Sur Oriente,La Florida,Centro de Salud Familiar Bellavista,Centro de Salud Familiar (CESFAM),Municipal,Vigente en Operación Habitual,,216,346,130,255,407,152,304,449,145,202,343,141,977,1545,568,977,1545,568,58.14,Aumento esperado
2025,13,14,13110,114316,Servicio de Salud Metropolitano Sur Oriente,La Florida,Centro de Salud Familiar Dr. Fernando Maffioletti,Centro de Salud Familiar (CESFAM),Municipal,Vigente en Operación Habitual,,226,303,77,234,334,100,358,511,153,344,294,-50,1162,1442,280,1162,1442,280,24.1,Aumento esperado
2025,13,14,13110,114334,Servicio de Salud Metropolitano Sur Oriente,La Florida,Centro de Salud Familiar José Alvo,Centro de Salud Familiar (CESFAM),Municipal,Vigente en Operación Habitual,,183,295,112,205,354,149,237,425,188,204,318,114,829,1392,563,829,1392,563,67.91,Aumento esperado
2025,13,14,13110,114331,Servicio de Salud Metropolitano Sur Oriente,La Florida,Centro de Salud Familiar La Florida,Centro de Salud Familiar (CESFAM),Municipal,Vigente en Operación Habitual,,204,321,117,197,328,131,220,356,136,195,311,116,816,1316,500,816,1316,500,61.27,Aumento esperado
2025,13,14,13110,114302,Servicio de Salud Metropolitano Sur Oriente,La Florida,Centro de Salud Familiar Los Castaños,Centro de Salud Familiar (CESFAM),Municipal,Vigente en Operación Habitual,,232,329,97,214,334,120,208,309,101,143,221,78,797,1193,396,797,1193,396,49.69,Aumento esperado
2025,13,14,13110,114305,Servicio de Salud Metropolitano Sur Oriente,La Florida,Centro de Salud Familiar Los Quillayes,Centro de Salud Familiar (CESFAM),Municipal,Vigente en Operación Habitual,,311,351,40,277,300,23,443,494,51,416,449,33,1447,1594,147,1447,1594,147,10.16,Aumento esperado
2025,13,14,13110,114324,Servicio de Salud Metropolitano Sur Oriente,La Florida,Centro de Salud Familiar Santa Amalia,Centro de Salud Familiar (CESFAM),Municipal,Vigente en Operación Habitual,,242,374,132,291,427,136,264,340,76,188,276,88,985,1417,432,985,1417,432,43.86,Aumento esperado
2025,13,14,13110,114330,Servicio de Salud Metropolitano Sur Oriente,La Florida,Centro de Salud Familiar Trinidad,Centro de Salud Familiar (CESFAM),Municipal,Vigente en Operación Habitual,,219,288,69,217,287,70,143,310,167,186,235,49,765,1120,355,765,1120,355,46.41,Aumento esperado
2025,13,14,13110,114304,Servicio de Salud Metropolitano Sur Oriente,La Florida,Centro de Salud Familiar Villa O'Higgins,Centro de Salud Familiar (CESFAM),Municipal,Vigente en Operación Habitual,,385,482,97,259,499,240,358,463,105,210,263,53,1212,1707,495,1212,1707,495,40.84,Aumento esperado
2025,13,14,13111,114706,Servicio de Salud Metropolitano Sur Oriente,La Granja,Centro Comunitario de Salud Familiar Millalemu,Centro Comunitario de Salud Familiar (CECOSF),Municipal,Vigente en Operación Habitual,114306,45,46,1,34,31,-3,44,39,-5,43,40,-3,166,156,-10,166,156,-10,-6.02,Baja de mes 6 a mes 12
2025,13,14,13111,114796,Servicio de Salud Metropolitano Sur Oriente,La Granja,Centro Comunitario de Salud Familiar San Gregorio,Centro Comunitario de Salud Familiar (CECOSF),Municipal,Vigente en Operación Habitual,114306,15,47,32,9,23,14,21,37,16,16,19,3,61,126,65,61,126,65,106.56,Aumento esperado
2025,13,14,13111,114325,Servicio de Salud Metropolitano Sur Oriente,La Granja,Centro de Salud Familiar Granja Sur,Centro de Salud Familiar (CESFAM),Municipal,Vigente en Operación Habitual,,832,699,-133,754,773,19,893,932,39,623,615,-8,3102,3019,-83,3102,3019,-83,-2.68,Baja de mes 6 a mes 12
2025,13,14,13111,114306,Servicio de Salud Metropolitano Sur Oriente,La Granja,Centro de Salud Familiar La Granja,Centro de Salud Familiar (CESFAM),Municipal,Vigente en Operación Habitual,,179,117,-62,150,76,-74,134,81,-53,110,44,-66,573,318,-255,573,318,-255,-44.5,Baja de mes 6 a mes 12
2025,13,14,13111,114315,Servicio de Salud Metropolitano Sur Oriente,La Granja,Centro de Salud Familiar Malaquías Concha,Centro de Salud Familiar (CESFAM),Municipal,Vigente en Operación Habitual,,89,338,249,54,366,312,37,343,306,13,297,284,193,1344,1151,193,1344,1151,596.37,Aumento esperado
2025,13,14,13112,114319,Servicio de Salud Metropolitano Sur Oriente,La Pintana,Centro de Salud Familiar El Roble,Centro de Salud Familiar (CESFAM),Municipal,Vigente en Operación Habitual,,454,300,-154,387,253,-134,467,319,-148,448,279,-169,1756,1151,-605,1756,1151,-605,-34.45,Baja de mes 6 a mes 12
2025,13,14,13112,114318,Servicio de Salud Metropolitano Sur Oriente,La Pintana,Centro de Salud Familiar Flor Fernández,Centro de Salud Familiar (CESFAM),Municipal,Vigente en Operación Habitual,,148,119,-29,128,77,-51,111,83,-28,68,64,-4,455,343,-112,455,343,-112,-24.62,Baja de mes 6 a mes 12
2025,13,14,13112,114327,Servicio de Salud Metropolitano Sur Oriente,La Pintana,Centro de Salud Familiar Juan Pablo II Red de Salud UC CHRISTUS,Centro de Salud Familiar (CESFAM),Delegado,Vigente en Operación Habitual,,142,163,21,128,140,12,143,165,22,107,129,22,520,597,77,520,597,77,14.81,Aumento esperado
2025,13,14,13112,114309,Servicio de Salud Metropolitano Sur Oriente,La Pintana,Centro de Salud Familiar Pablo de Rokha,Centro de Salud Familiar (CESFAM),Municipal,Vigente en Operación Habitual,,381,661,280,334,497,163,221,359,138,111,136,25,1047,1653,606,1047,1653,606,57.88,Aumento esperado
2025,13,14,13112,114308,Servicio de Salud Metropolitano Sur Oriente,La Pintana,Centro de Salud Familiar San Rafael,Centro de Salud Familiar (CESFAM),Municipal,Vigente en Operación Habitual,,209,223,14,153,221,68,130,194,64,69,109,40,561,747,186,561,747,186,33.16,Aumento esperado
2025,13,14,13112,114311,Servicio de Salud Metropolitano Sur Oriente,La Pintana,Centro de Salud Familiar Santiago de Nueva Extremadura,Centro de Salud Familiar (CESFAM),Municipal,Vigente en Operación Habitual,,269,240,-29,228,225,-3,183,230,47,127,158,31,807,853,46,807,853,46,5.7,Aumento esperado
2025,13,14,13112,114317,Servicio de Salud Metropolitano Sur Oriente,La Pintana,Centro de Salud Familiar Santo Tomás,Centro de Salud Familiar (CESFAM),Municipal,Vigente en Operación Habitual,,300,310,10,293,299,6,384,418,34,214,281,67,1191,1308,117,1191,1308,117,9.82,Aumento esperado
2025,13,14,13202,114310,Servicio de Salud Metropolitano Sur Oriente,Pirque,Centro de Salud Familiar Dr. José Manuel Balmaceda,Centro de Salud Familiar (CESFAM),Municipal,Vigente en Operación Habitual,,114,90,-24,133,122,-11,129,108,-21,76,63,-13,452,383,-69,452,383,-69,-15.27,Baja de mes 6 a mes 12
2025,13,14,13202,114333,Servicio de Salud Metropolitano Sur Oriente,Pirque,Centro de Salud Rural El Principal,Consultorio General Rural (CGR),Municipal,Vigente en Operación Habitual,,144,80,-64,161,80,-81,137,87,-50,58,43,-15,500,290,-210,500,290,-210,-42.0,Baja de mes 6 a mes 12
2025,13,14,13202,114401,Servicio de Salud Metropolitano Sur Oriente,Pirque,Posta de Salud Rural Puntilla,Posta de Salud Rural (PSR),Municipal,Vigente en Operación Habitual,,12,11,-1,12,12,0,13,12,-1,8,8,0,45,43,-2,45,43,-2,-4.44,Baja de mes 6 a mes 12
2025,13,14,13202,114406,Servicio de Salud Metropolitano Sur Oriente,Pirque,Posta de Salud Rural San Vicente,Posta de Salud Rural (PSR),Municipal,Vigente en Operación Habitual,,5,8,3,5,5,0,10,8,-2,5,3,-2,25,24,-1,25,24,-1,-4.0,Baja de mes 6 a mes 12
2025,13,14,13202,114403,Servicio de Salud Metropolitano Sur Oriente,Pirque,Posta de Salud Rural Santa Rita,Posta de Salud Rural (PSR),Municipal,Vigente en Operación Habitual,,3,1,-2,6,8,2,3,4,1,5,6,1,17,19,2,17,19,2,11.76,Aumento esperado
2025,13,14,13201,114320,Servicio de Salud Metropolitano Sur Oriente,Puente Alto,Centro de Salud Familiar Bernardo Leighton,Centro de Salud Familiar (CESFAM),Municipal,Vigente en Operación Habitual,,368,84,-284,390,65,-325,325,95,-230,99,59,-40,1182,303,-879,1182,303,-879,-74.37,Baja de mes 6 a mes 12
2025,13,14,13201,114321,Servicio de Salud Metropolitano Sur Oriente,Puente Alto,Centro de Salud Familiar Cardenal Silva Henríquez,Centro de Salud Familiar (CESFAM),Municipal,Vigente en Operación Habitual,,346,346,0,381,381,0,371,371,0,205,205,0,1303,1303,0,1303,1303,0,0.0,Sin variacion
2025,13,14,13201,114301,Servicio de Salud Metropolitano Sur Oriente,Puente Alto,Centro de Salud Familiar Dr. Alejandro del Río,Centro de Salud Familiar (CESFAM),Municipal,Vigente en Operación Habitual,,852,192,-660,971,195,-776,1181,216,-965,756,142,-614,3760,745,-3015,3760,745,-3015,-80.19,Baja de mes 6 a mes 12
2025,13,14,13201,114326,Servicio de Salud Metropolitano Sur Oriente,Puente Alto,Centro de Salud Familiar Karol Wojtyla,Centro de Salud Familiar (CESFAM),Municipal,Vigente en Operación Habitual,,322,322,0,328,328,0,255,255,0,167,167,0,1072,1072,0,1072,1072,0,0.0,Sin variacion
2025,13,14,13201,114332,Servicio de Salud Metropolitano Sur Oriente,Puente Alto,Centro de Salud Familiar Laurita Vicuña,Centro de Salud Familiar (CESFAM),Municipal,Vigente en Operación Habitual,,331,68,-263,429,67,-362,542,92,-450,366,53,-313,1668,280,-1388,1668,280,-1388,-83.21,Baja de mes 6 a mes 12
2025,13,14,13201,114323,Servicio de Salud Metropolitano Sur Oriente,Puente Alto,Centro de Salud Familiar Madre Teresa de Calcuta Red de Salud UC CHRISTUS,Centro de Salud Familiar (CESFAM),Delegado,Vigente en Operación Habitual,,253,273,20,239,226,-13,177,211,34,98,104,6,767,814,47,767,814,47,6.13,Aumento esperado
2025,13,14,13201,114322,Servicio de Salud Metropolitano Sur Oriente,Puente Alto,Centro de Salud Familiar Padre Manuel Villaseca,Centro de Salud Familiar (CESFAM),Municipal,Vigente en Operación Habitual,,495,102,-393,590,125,-465,708,139,-569,446,88,-358,2239,454,-1785,2239,454,-1785,-79.72,Baja de mes 6 a mes 12
2025,13,14,13201,114329,Servicio de Salud Metropolitano Sur Oriente,Puente Alto,Centro de Salud Familiar San Alberto Hurtado Red de Salud UC CHRISTUS,Centro de Salud Familiar (CESFAM),Delegado,Vigente en Operación Habitual,,281,295,14,313,302,-11,273,264,-9,139,142,3,1006,1003,-3,1006,1003,-3,-0.3,Baja de mes 6 a mes 12
2025,13,14,13201,114312,Servicio de Salud Metropolitano Sur Oriente,Puente Alto,Centro de Salud Familiar San Gerónimo,Centro de Salud Familiar (CESFAM),Municipal,Vigente en Operación Habitual,,589,130,-459,572,131,-441,591,115,-476,365,77,-288,2117,453,-1664,2117,453,-1664,-78.6,Baja de mes 6 a mes 12
2025,13,14,13201,114313,Servicio de Salud Metropolitano Sur Oriente,Puente Alto,Centro de Salud Familiar Vista Hermosa,Centro de Salud Familiar (CESFAM),Municipal,Vigente en Operación Habitual,,193,242,49,163,190,27,134,157,23,92,119,27,582,708,126,582,708,126,21.65,Aumento esperado
2025,13,14,13203,114102,Servicio de Salud Metropolitano Sur Oriente,San José de Maipo,Hospital San José de Maipo,Hospital,Servicio de Salud,Vigente en Operación Habitual,,95,103,8,79,101,22,93,110,17,41,66,25,308,380,72,308,380,72,23.38,Aumento esperado
2025,13,14,13203,114407,Servicio de Salud Metropolitano Sur Oriente,San José de Maipo,Posta de Salud Rural Las Vertientes,Posta de Salud Rural (PSR),Municipal,Vigente en Operación Habitual,,19,33,14,19,32,13,19,31,12,22,18,-4,79,114,35,79,114,35,44.3,Aumento esperado
2025,13,14,13203,114410,Servicio de Salud Metropolitano Sur Oriente,San José de Maipo,Posta de Salud Rural San Gabriel,Posta de Salud Rural (PSR),Municipal,Vigente en Operación Habitual,,15,3,-12,10,4,-6,10,3,-7,9,4,-5,44,14,-30,44,14,-30,-68.18,Baja de mes 6 a mes 12
2025,13,14,13131,114714,Servicio de Salud Metropolitano Sur Oriente,San Ramón,Centro Comunitario de Salud Familiar Modelo,Centro Comunitario de Salud Familiar (CECOSF),Municipal,Vigente en Operación Habitual,114314,45,66,21,55,84,29,64,98,34,39,67,28,203,315,112,203,315,112,55.17,Aumento esperado
2025,13,14,13131,114314,Servicio de Salud Metropolitano Sur Oriente,San Ramón,Centro de Salud Familiar Dr. Salvador Allende (Ex Consultorio San Ramón),Centro de Salud Familiar (CESFAM),Municipal,Vigente en Operación Habitual,,414,332,-82,475,315,-160,466,355,-111,238,241,3,1593,1243,-350,1593,1243,-350,-21.97,Baja de mes 6 a mes 12
2025,13,14,13131,114307,Servicio de Salud Metropolitano Sur Oriente,San Ramón,Centro de Salud Familiar La Bandera,Centro de Salud Familiar (CESFAM),Municipal,Vigente en Operación Habitual,,247,121,-126,220,80,-140,150,58,-92,90,30,-60,707,289,-418,707,289,-418,-59.12,Baja de mes 6 a mes 12
2025,13,14,13131,114328,Servicio de Salud Metropolitano Sur Oriente,San Ramón,Centro de Salud Familiar Poetisa Gabriela Mistral,Centro de Salud Familiar (CESFAM),Municipal,Vigente en Operación Habitual,,411,427,16,334,367,33,232,241,9,153,136,-17,1130,1171,41,1130,1171,41,3.63,Aumento esperado
