Ano,Mes,IdRegion,IdServicio,IdComuna,IdEstablecimiento,50_54,55_59,60_64,65_69,numerador_mujeres_50_69
2025,12,13,10,13103,110330,359,340,314,148,1161
2025,12,13,10,13103,110331,221,195,229,94,739
2025,12,13,10,13103,110335,339,273,225,136,973
2025,12,13,10,13103,110355,224,250,249,192,915
2025,12,13,10,13103,110735,41,28,54,44,167
2025,12,13,10,13117,110315,378,362,407,210,1357
2025,12,13,10,13117,110316,381,312,280,207,1180
2025,12,13,10,13117,110340,430,407,369,179,1385
2025,12,13,10,13117,110345,227,215,270,147,859
2025,12,13,10,13124,110350,555,539,607,236,1937
2025,12,13,10,13124,110351,220,145,163,119,647
2025,12,13,10,13124,110352,302,475,551,249,1577
2025,12,13,10,13124,110353,349,270,211,129,959
2025,12,13,10,13124,110354,202,393,399,173,1167
2025,12,13,10,13124,110410,10,9,7,2,28
2025,12,13,10,13124,110750,17,17,34,10,78
2025,12,13,10,13124,110752,92,108,101,81,382
2025,12,13,10,13124,110754,44,54,53,40,191
2025,12,13,10,13124,110756,22,23,22,18,85
2025,12,13,10,13124,110758,44,20,20,8,92
2025,12,13,10,13124,201353,4,3,3,0,10
2025,12,13,10,13126,110310,144,114,106,61,425
2025,12,13,10,13126,110320,298,365,182,92,937
2025,12,13,10,13126,110325,77,383,404,219,1083
2025,12,13,10,13126,110720,44,49,59,41,193
2025,12,13,10,13128,110360,954,883,925,490,3252
2025,12,13,10,13128,110361,659,593,475,191,1918
2025,12,13,10,13128,110362,375,257,319,278,1229
2025,12,13,10,13128,110364,303,241,179,84,807
2025,12,13,10,13501,110378,465,512,491,281,1749
2025,12,13,10,13501,110379,642,680,517,273,2112
2025,12,13,10,13501,110380,137,184,181,101,603
2025,12,13,10,13501,110381,126,111,127,58,422
2025,12,13,10,13501,110440,89,78,88,55,310
2025,12,13,10,13501,110445,33,47,50,32,162
2025,12,13,10,13501,110778,63,61,68,40,232
2025,12,13,10,13501,110781,48,32,27,7,114
2025,12,13,10,13501,110783,24,27,32,16,99
2025,12,13,10,13501,200965,229,175,116,58,578
2025,12,13,10,13502,110393,83,72,55,46,256
2025,12,13,10,13502,110503,51,45,39,16,151
2025,12,13,10,13502,110505,14,8,15,5,42
2025,12,13,10,13502,110510,13,23,14,6,56
2025,12,13,10,13503,110160,243,278,285,133,939
2025,12,13,10,13504,110385,223,201,216,133,773
2025,12,13,10,13504,110465,23,22,30,15,90
2025,12,13,10,13504,110470,12,13,24,15,64
2025,12,13,10,13504,110475,35,33,30,14,112
2025,12,13,10,13505,110387,150,143,107,31,431
2025,12,13,10,13505,110485,14,8,6,2,30
2025,12,13,10,13505,110490,8,11,5,3,27
2025,12,13,10,13505,110492,9,11,12,3,35
2025,12,13,10,13505,110495,14,8,6,2,30
2025,12,13,10,13601,110390,1502,1674,1559,1276,6011
2025,12,13,10,13601,110400,79,52,58,13,202
2025,12,13,10,13601,200365,73,61,38,7,179
2025,12,13,10,13602,110370,424,399,339,177,1339
2025,12,13,10,13602,200454,68,47,64,32,211
2025,12,13,10,13603,110375,215,322,299,164,1000
2025,12,13,10,13603,110425,258,225,157,77,717
2025,12,13,10,13603,110430,13,11,9,6,39
2025,12,13,10,13603,110431,14,14,9,8,45
2025,12,13,10,13603,110432,17,7,9,5,38
2025,12,13,10,13603,110775,12,14,13,3,42
2025,12,13,10,13603,200385,11,10,5,13,39
2025,12,13,10,13604,110366,1704,1508,1294,967,5473
2025,12,13,10,13605,110308,347,292,292,115,1046
2025,12,13,10,13605,110369,577,538,458,330,1903
2025,12,13,11,13101,111300,409,390,366,239,1404
2025,12,13,11,13101,111301,104,132,87,80,403
2025,12,13,11,13101,111370,309,260,297,147,1013
2025,12,13,11,13101,111372,236,246,256,141,879
2025,12,13,11,13101,111376,376,333,343,154,1206
2025,12,13,11,13101,111381,830,668,695,354,2547
2025,12,13,11,13102,111305,253,225,222,166,866
2025,12,13,11,13102,111307,195,184,192,140,711
2025,12,13,11,13102,200346,6,5,5,4,20
2025,12,13,11,13106,111302,141,145,102,76,464
2025,12,13,11,13106,111306,129,136,179,84,528
2025,12,13,11,13106,111310,260,133,105,98,596
2025,12,13,11,13106,111781,18,19,11,3,51
2025,12,13,11,13119,111304,354,360,507,385,1606
2025,12,13,11,13119,111308,303,358,409,234,1304
2025,12,13,11,13119,111309,240,296,345,210,1091
2025,12,13,11,13119,111378,392,399,401,221,1413
2025,12,13,11,13119,111379,271,288,387,262,1208
2025,12,13,11,13119,111380,357,394,476,234,1461
2025,12,13,11,13119,111382,352,352,493,338,1535
2025,12,13,11,13119,111383,186,294,337,206,1023
2025,12,13,11,13119,111704,32,41,19,17,109
2025,12,13,11,13119,111780,13,16,15,4,48
2025,12,13,11,13119,111783,30,32,90,71,223
2025,12,13,11,13119,111784,45,34,50,19,148
2025,12,13,11,13119,200643,25,23,24,11,83
2025,12,13,11,13119,201129,52,42,66,39,199
2025,12,13,11,13119,201674,164,137,156,111,568
2025,12,13,12,13113,112317,553,534,572,446,2105
2025,12,13,12,13113,112320,170,140,122,78,510
2025,12,13,12,13114,112304,611,668,769,613,2661
2025,12,13,12,13114,112306,719,766,874,495,2854
2025,12,13,12,13115,112307,864,902,782,420,2968
2025,12,13,12,13118,112312,579,541,610,609,2339
2025,12,13,12,13118,112313,410,447,454,281,1592
2025,12,13,12,13118,112319,324,347,385,283,1339
2025,12,13,12,13120,112310,341,386,577,526,1830
2025,12,13,12,13120,112311,372,365,459,338,1534
2025,12,13,12,13122,112314,237,147,121,48,553
2025,12,13,12,13122,112315,288,219,185,94,786
2025,12,13,12,13122,112316,741,733,614,281,2369
2025,12,13,12,13122,112318,330,312,268,177,1087
2025,12,13,12,13122,112321,311,267,263,126,967
2025,12,13,12,13122,112322,397,268,165,94,924
2025,12,13,12,13122,201112,445,327,251,213,1236
2025,12,13,12,13123,112301,311,283,341,286,1221
2025,12,13,12,13123,112302,292,306,310,233,1141
2025,12,13,12,13123,112303,397,446,504,357,1704
2025,12,13,12,13132,112309,594,632,630,386,2242
2025,12,13,13,13105,113312,373,371,406,179,1329
2025,12,13,13,13105,113314,581,670,584,256,2091
2025,12,13,13,13105,113317,677,703,735,323,2438
2025,12,13,13,13105,113323,271,277,395,268,1211
2025,12,13,13,13105,113324,414,369,313,158,1254
2025,12,13,13,13105,113329,329,342,289,187,1147
2025,12,13,13,13105,200962,43,57,49,31,180
2025,12,13,13,13109,113311,656,680,670,470,2476
2025,12,13,13,13109,113326,647,657,694,402,2400
2025,12,13,13,13116,113308,130,159,212,127,628
2025,12,13,13,13116,113309,340,284,302,144,1070
2025,12,13,13,13116,113310,192,203,303,171,869
2025,12,13,13,13116,113396,431,402,326,125,1284
2025,12,13,13,13121,111303,302,276,335,218,1131
2025,12,13,13,13121,113303,402,406,531,261,1600
2025,12,13,13,13121,113306,327,376,444,174,1321
2025,12,13,13,13121,113331,307,358,464,270,1399
2025,12,13,13,13129,113301,641,663,743,470,2517
2025,12,13,13,13129,113305,208,217,230,155,810
2025,12,13,13,13129,113322,386,385,421,277,1469
2025,12,13,13,13129,113701,87,83,88,42,300
2025,12,13,13,13129,113702,72,66,48,41,227
2025,12,13,13,13129,113722,78,80,100,150,408
2025,12,13,13,13129,113753,45,47,35,31,158
2025,12,13,13,13129,200210,115,117,120,63,415
2025,12,13,13,13129,200337,33,30,21,27,111
2025,12,13,13,13130,113300,643,685,849,535,2712
2025,12,13,13,13130,113302,444,479,553,334,1810
2025,12,13,13,13130,200361,8,25,24,16,73
2025,12,13,13,13401,113313,934,1001,1081,409,3425
2025,12,13,13,13401,113315,289,249,210,74,822
2025,12,13,13,13401,113316,348,359,372,151,1230
2025,12,13,13,13401,113328,431,375,344,161,1311
2025,12,13,13,13401,113330,354,322,279,126,1081
2025,12,13,13,13401,113332,483,375,324,140,1322
2025,12,13,13,13401,113394,249,195,195,120,759
2025,12,13,13,13401,113713,42,37,26,17,122
2025,12,13,13,13402,113320,309,285,234,148,976
2025,12,13,13,13402,113333,227,219,226,125,797
2025,12,13,13,13402,113390,582,560,545,293,1980
2025,12,13,13,13402,113402,135,140,119,77,471
2025,12,13,13,13402,113404,90,55,68,34,247
2025,12,13,13,13402,113405,98,94,95,42,329
2025,12,13,13,13402,113406,34,38,27,10,109
2025,12,13,13,13402,113407,74,77,58,31,240
2025,12,13,13,13402,113790,183,191,144,61,579
2025,12,13,13,13403,113321,187,167,158,80,592
2025,12,13,13,13403,113334,202,201,193,124,720
2025,12,13,13,13403,113413,2,3,4,0,9
2025,12,13,13,13404,113318,759,709,610,302,2380
2025,12,13,13,13404,113319,276,286,306,182,1050
2025,12,13,13,13404,113408,73,99,78,73,323
2025,12,13,13,13404,113409,151,191,152,68,562
2025,12,13,13,13404,113410,35,46,34,31,146
2025,12,13,13,13404,113411,58,55,49,20,182
2025,12,13,13,13404,113412,53,58,52,19,182
2025,12,13,14,13110,114302,329,334,309,221,1193
2025,12,13,14,13110,114303,346,407,449,343,1545
2025,12,13,14,13110,114304,482,499,463,263,1707
2025,12,13,14,13110,114305,351,300,494,449,1594
2025,12,13,14,13110,114316,303,334,511,294,1442
2025,12,13,14,13110,114324,374,427,340,276,1417
2025,12,13,14,13110,114330,288,287,310,235,1120
2025,12,13,14,13110,114331,321,328,356,311,1316
2025,12,13,14,13110,114334,295,354,425,318,1392
2025,12,13,14,13110,200475,8,5,15,12,40
2025,12,13,14,13111,114306,117,76,81,44,318
2025,12,13,14,13111,114315,338,366,343,297,1344
2025,12,13,14,13111,114325,699,773,932,615,3019
2025,12,13,14,13111,114706,46,31,39,40,156
2025,12,13,14,13111,114796,47,23,37,19,126
2025,12,13,14,13112,114308,223,221,194,109,747
2025,12,13,14,13112,114309,661,497,359,136,1653
2025,12,13,14,13112,114311,240,225,230,158,853
2025,12,13,14,13112,114317,310,299,418,281,1308
2025,12,13,14,13112,114318,119,77,83,64,343
2025,12,13,14,13112,114319,300,253,319,279,1151
2025,12,13,14,13112,114327,163,140,165,129,597
2025,12,13,14,13131,114307,121,80,58,30,289
2025,12,13,14,13131,114314,332,315,355,241,1243
2025,12,13,14,13131,114328,427,367,241,136,1171
2025,12,13,14,13131,114714,66,84,98,67,315
2025,12,13,14,13201,114301,192,195,216,142,745
2025,12,13,14,13201,114312,130,131,115,77,453
2025,12,13,14,13201,114313,242,190,157,119,708
2025,12,13,14,13201,114320,84,65,95,59,303
2025,12,13,14,13201,114321,346,381,371,205,1303
2025,12,13,14,13201,114322,102,125,139,88,454
2025,12,13,14,13201,114323,273,226,211,104,814
2025,12,13,14,13201,114326,322,328,255,167,1072
2025,12,13,14,13201,114329,295,302,264,142,1003
2025,12,13,14,13201,114332,68,67,92,53,280
2025,12,13,14,13202,114310,90,122,108,63,383
2025,12,13,14,13202,114333,80,80,87,43,290
2025,12,13,14,13202,114401,11,12,12,8,43
2025,12,13,14,13202,114403,1,8,4,6,19
2025,12,13,14,13202,114406,8,5,8,3,24
2025,12,13,14,13203,114102,103,101,110,66,380
2025,12,13,14,13203,114407,33,32,31,18,114
2025,12,13,14,13203,114410,3,4,3,4,14
2025,12,13,9,13104,109302,353,347,396,262,1358
2025,12,13,9,13104,109308,368,405,408,181,1362
2025,12,13,9,13104,109309,295,305,236,123,959
2025,12,13,9,13104,109314,234,458,568,210,1470
2025,12,13,9,13104,109709,115,93,103,67,378
2025,12,13,9,13104,200347,116,105,131,60,412
2025,12,13,9,13104,200609,67,57,58,18,200
2025,12,13,9,13107,109305,395,425,376,138,1334
2025,12,13,9,13107,109317,216,202,146,56,620
2025,12,13,9,13107,109323,305,267,177,74,823
2025,12,13,9,13107,109718,91,106,136,88,421
2025,12,13,9,13107,200961,164,133,153,147,597
2025,12,13,9,13108,109300,690,603,584,253,2130
2025,12,13,9,13108,109321,432,429,376,273,1510
2025,12,13,9,13108,200554,105,147,129,79,460
2025,12,13,9,13125,109313,411,386,365,182,1344
2025,12,13,9,13125,109315,521,526,431,206,1684
2025,12,13,9,13125,109324,655,529,409,143,1736
2025,12,13,9,13125,109713,33,39,24,7,103
2025,12,13,9,13125,109715,13,21,12,16,62
2025,12,13,9,13125,200304,38,41,58,41,178
2025,12,13,9,13125,201091,271,284,393,198,1146
2025,12,13,9,13127,109301,455,398,378,249,1480
2025,12,13,9,13127,109303,498,433,228,216,1375
2025,12,13,9,13127,109304,153,148,174,112,587
2025,12,13,9,13127,109307,135,154,176,141,606
2025,12,13,9,13127,109390,504,450,354,283,1591
2025,12,13,9,13301,109310,610,495,500,367,1972
2025,12,13,9,13301,109316,628,610,579,261,2078
2025,12,13,9,13301,109416,24,32,17,11,84
2025,12,13,9,13301,109417,19,19,19,13,70
2025,12,13,9,13301,109418,32,36,15,7,90
2025,12,13,9,13301,109419,22,20,18,8,68
2025,12,13,9,13301,109420,18,23,21,12,74
2025,12,13,9,13301,109716,55,40,28,10,133
2025,12,13,9,13301,201462,450,267,226,124,1067
2025,12,13,9,13302,109311,480,351,240,113,1184
2025,12,13,9,13302,109312,189,155,118,59,521
2025,12,13,9,13302,109711,77,79,50,26,232
2025,12,13,9,13302,109712,61,68,54,27,210
2025,12,13,9,13302,201212,175,148,127,48,498
2025,12,13,9,13303,109104,132,118,108,100,458
2025,12,13,9,13303,109320,160,131,95,79,465
2025,12,13,9,13303,109410,23,16,10,9,58
2025,12,13,9,13303,109412,26,18,19,18,81
2025,12,13,9,13303,109413,24,13,12,15,64
2025,12,13,9,13303,109414,63,46,48,24,181
2025,6,13,10,13103,110330,320,290,274,127,1011
2025,6,13,10,13103,110331,120,85,91,42,338
2025,6,13,10,13103,110335,184,165,156,88,593
2025,6,13,10,13103,110355,207,237,276,193,913
2025,6,13,10,13103,110735,35,38,64,47,184
2025,6,13,10,13117,110315,352,311,337,174,1174
2025,6,13,10,13117,110316,324,282,249,177,1032
2025,6,13,10,13117,110340,346,320,277,134,1077
2025,6,13,10,13117,110345,304,343,347,192,1186
2025,6,13,10,13124,110350,518,547,605,323,1993
2025,6,13,10,13124,110351,352,207,193,152,904
2025,6,13,10,13124,110352,214,294,360,229,1097
2025,6,13,10,13124,110353,279,212,135,67,693
2025,6,13,10,13124,110354,192,233,249,113,787
2025,6,13,10,13124,110410,4,0,6,0,10
2025,6,13,10,13124,110750,15,33,29,0,77
2025,6,13,10,13124,110752,62,68,84,41,255
2025,6,13,10,13124,110754,23,33,32,20,108
2025,6,13,10,13124,110756,30,40,17,12,99
2025,6,13,10,13124,110758,35,15,13,9,72
2025,6,13,10,13124,201353,0,0,1,0,1
2025,6,13,10,13126,110310,96,131,91,82,400
2025,6,13,10,13126,110320,168,143,155,92,558
2025,6,13,10,13126,110325,361,394,335,180,1270
2025,6,13,10,13126,110720,45,62,63,47,217
2025,6,13,10,13128,110360,437,432,456,284,1609
2025,6,13,10,13128,110361,654,593,491,170,1908
2025,6,13,10,13128,110362,409,273,384,290,1356
2025,6,13,10,13128,110364,240,206,158,74,678
2025,6,13,10,13501,110378,399,434,419,241,1493
2025,6,13,10,13501,110379,601,644,521,244,2010
2025,6,13,10,13501,110380,118,160,160,74,512
2025,6,13,10,13501,110381,155,122,83,62,422
2025,6,13,10,13501,110440,89,79,88,51,307
2025,6,13,10,13501,110445,39,41,40,26,146
2025,6,13,10,13501,110778,40,26,38,18,122
2025,6,13,10,13501,110781,30,8,8,2,48
2025,6,13,10,13501,110783,21,21,27,13,82
2025,6,13,10,13501,200965,88,78,46,6,218
2025,6,13,10,13502,110393,76,65,52,40,233
2025,6,13,10,13502,110503,41,39,35,16,131
2025,6,13,10,13502,110505,14,6,13,5,38
2025,6,13,10,13502,110510,13,20,11,6,50
2025,6,13,10,13503,110160,319,282,230,147,978
2025,6,13,10,13504,110385,154,149,148,107,558
2025,6,13,10,13504,110465,25,18,33,21,97
2025,6,13,10,13504,110470,9,12,17,16,54
2025,6,13,10,13504,110475,30,38,28,12,108
2025,6,13,10,13505,110387,128,116,81,36,361
2025,6,13,10,13505,110485,21,20,20,7,68
2025,6,13,10,13505,110490,8,11,3,6,28
2025,6,13,10,13505,110492,10,14,7,3,34
2025,6,13,10,13505,110495,12,11,8,2,33
2025,6,13,10,13601,110390,1321,1386,1299,947,4953
2025,6,13,10,13601,110400,78,42,32,35,187
2025,6,13,10,13601,200365,74,61,31,18,184
2025,6,13,10,13602,110370,366,358,315,163,1202
2025,6,13,10,13602,200454,56,42,53,27,178
2025,6,13,10,13603,110375,190,289,246,145,870
2025,6,13,10,13603,110425,236,243,183,67,729
2025,6,13,10,13603,110430,21,17,7,15,60
2025,6,13,10,13603,110431,25,31,32,20,108
2025,6,13,10,13603,110432,25,21,15,9,70
2025,6,13,10,13603,110775,34,62,45,19,160
2025,6,13,10,13603,200385,16,14,18,10,58
2025,6,13,10,13604,110366,1612,1523,1358,1035,5528
2025,6,13,10,13605,110308,90,104,120,105,419
2025,6,13,10,13605,110369,601,550,477,325,1953
2025,6,13,11,13101,111300,500,448,419,245,1612
2025,6,13,11,13101,111301,65,85,56,51,257
2025,6,13,11,13101,111370,319,284,289,149,1041
2025,6,13,11,13101,111372,237,218,227,113,795
2025,6,13,11,13101,111376,358,334,317,130,1139
2025,6,13,11,13101,111381,776,632,623,312,2343
2025,6,13,11,13102,111305,632,642,593,385,2252
2025,6,13,11,13102,111307,96,74,81,21,272
2025,6,13,11,13102,200346,41,44,24,12,121
2025,6,13,11,13106,111302,126,171,198,136,631
2025,6,13,11,13106,111306,248,303,271,106,928
2025,6,13,11,13106,111310,134,115,122,58,429
2025,6,13,11,13106,111781,26,24,18,8,76
2025,6,13,11,13119,111304,322,333,453,324,1432
2025,6,13,11,13119,111308,231,262,300,176,969
2025,6,13,11,13119,111309,213,262,298,159,932
2025,6,13,11,13119,111378,447,390,388,182,1407
2025,6,13,11,13119,111379,55,35,73,38,201
2025,6,13,11,13119,111380,341,372,438,205,1356
2025,6,13,11,13119,111382,395,413,526,361,1695
2025,6,13,11,13119,111383,157,255,267,158,837
2025,6,13,11,13119,111704,11,10,8,4,33
2025,6,13,11,13119,200643,24,23,18,8,73
2025,6,13,11,13119,201674,71,63,74,40,248
2025,6,13,12,13113,112317,426,422,439,365,1652
2025,6,13,12,13113,112320,68,47,39,22,176
2025,6,13,12,13114,112304,653,733,840,675,2901
2025,6,13,12,13114,112306,593,633,693,425,2344
2025,6,13,12,13115,112307,718,737,615,326,2396
2025,6,13,12,13118,112312,552,494,548,419,2013
2025,6,13,12,13118,112313,393,468,442,234,1537
2025,6,13,12,13118,112319,266,286,363,242,1157
2025,6,13,12,13120,112310,44,41,46,46,177
2025,6,13,12,13120,112311,292,291,330,261,1174
2025,6,13,12,13122,112314,422,369,305,143,1239
2025,6,13,12,13122,112315,210,147,148,84,589
2025,6,13,12,13122,112316,1076,1076,867,145,3164
2025,6,13,12,13122,112318,245,224,198,131,798
2025,6,13,12,13122,112321,294,241,193,72,800
2025,6,13,12,13122,112322,356,223,117,46,742
2025,6,13,12,13122,201112,276,218,137,142,773
2025,6,13,12,13123,112301,277,240,285,226,1028
2025,6,13,12,13123,112302,264,45,234,200,743
2025,6,13,12,13123,112303,315,317,370,272,1274
2025,6,13,12,13132,112309,519,572,544,335,1970
2025,6,13,13,13105,113312,390,428,393,172,1383
2025,6,13,13,13105,113314,468,538,471,164,1641
2025,6,13,13,13105,113317,572,548,607,263,1990
2025,6,13,13,13105,113323,248,250,346,229,1073
2025,6,13,13,13105,113324,390,326,272,155,1143
2025,6,13,13,13105,113329,245,187,185,123,740
2025,6,13,13,13105,200962,42,60,54,17,173
2025,6,13,13,13109,113311,568,545,565,392,2070
2025,6,13,13,13109,113326,485,511,537,309,1842
2025,6,13,13,13116,113308,100,87,120,44,351
2025,6,13,13,13116,113309,367,312,328,142,1149
2025,6,13,13,13116,113310,183,197,273,153,806
2025,6,13,13,13116,113396,411,347,289,101,1148
2025,6,13,13,13121,111303,352,338,403,267,1360
2025,6,13,13,13121,113303,346,398,496,249,1489
2025,6,13,13,13121,113306,330,387,466,197,1380
2025,6,13,13,13121,113331,363,396,457,252,1468
2025,6,13,13,13129,113301,158,160,217,126,661
2025,6,13,13,13129,113305,50,58,47,5,160
2025,6,13,13,13129,113322,355,412,429,225,1421
2025,6,13,13,13129,113701,44,38,38,19,139
2025,6,13,13,13129,113702,29,32,27,16,104
2025,6,13,13,13129,113722,74,99,92,56,321
2025,6,13,13,13129,113753,36,52,49,17,154
2025,6,13,13,13129,200210,117,118,118,48,401
2025,6,13,13,13129,200337,15,13,9,7,44
2025,6,13,13,13130,113300,594,645,709,477,2425
2025,6,13,13,13130,113302,198,209,224,120,751
2025,6,13,13,13130,200361,8,25,24,16,73
2025,6,13,13,13401,113313,393,388,366,203,1350
2025,6,13,13,13401,113315,303,243,202,79,827
2025,6,13,13,13401,113316,370,388,379,142,1279
2025,6,13,13,13401,113328,456,387,335,151,1329
2025,6,13,13,13401,113330,438,365,321,127,1251
2025,6,13,13,13401,113332,419,304,277,107,1107
2025,6,13,13,13401,113394,273,201,192,111,777
2025,6,13,13,13401,113713,42,35,22,15,114
2025,6,13,13,13402,113320,295,266,222,140,923
2025,6,13,13,13402,113333,129,110,116,53,408
2025,6,13,13,13402,113390,583,559,524,286,1952
2025,6,13,13,13402,113402,77,68,71,40,256
2025,6,13,13,13402,113404,78,55,66,34,233
2025,6,13,13,13402,113405,88,76,83,36,283
2025,6,13,13,13402,113406,25,19,17,4,65
2025,6,13,13,13402,113407,42,44,34,16,136
2025,6,13,13,13402,113790,177,184,135,51,547
2025,6,13,13,13403,113321,148,124,125,69,466
2025,6,13,13,13403,113334,195,176,193,118,682
2025,6,13,13,13403,113413,7,5,8,3,23
2025,6,13,13,13404,113318,752,681,616,260,2309
2025,6,13,13,13404,113319,247,256,259,121,883
2025,6,13,13,13404,113408,69,62,52,32,215
2025,6,13,13,13404,113409,76,101,66,36,279
2025,6,13,13,13404,113410,25,34,18,28,105
2025,6,13,13,13404,113411,47,47,48,27,169
2025,6,13,13,13404,113412,38,52,37,20,147
2025,6,13,14,13110,114302,232,214,208,143,797
2025,6,13,14,13110,114303,216,255,304,202,977
2025,6,13,14,13110,114304,385,259,358,210,1212
2025,6,13,14,13110,114305,311,277,443,416,1447
2025,6,13,14,13110,114316,226,234,358,344,1162
2025,6,13,14,13110,114324,242,291,264,188,985
2025,6,13,14,13110,114330,219,217,143,186,765
2025,6,13,14,13110,114331,204,197,220,195,816
2025,6,13,14,13110,114334,183,205,237,204,829
2025,6,13,14,13111,114306,179,150,134,110,573
2025,6,13,14,13111,114315,89,54,37,13,193
2025,6,13,14,13111,114325,832,754,893,623,3102
2025,6,13,14,13111,114706,45,34,44,43,166
2025,6,13,14,13111,114796,15,9,21,16,61
2025,6,13,14,13112,114308,209,153,130,69,561
2025,6,13,14,13112,114309,381,334,221,111,1047
2025,6,13,14,13112,114311,269,228,183,127,807
2025,6,13,14,13112,114317,300,293,384,214,1191
2025,6,13,14,13112,114318,148,128,111,68,455
2025,6,13,14,13112,114319,454,387,467,448,1756
2025,6,13,14,13112,114327,142,128,143,107,520
2025,6,13,14,13131,114307,247,220,150,90,707
2025,6,13,14,13131,114314,414,475,466,238,1593
2025,6,13,14,13131,114328,411,334,232,153,1130
2025,6,13,14,13131,114714,45,55,64,39,203
2025,6,13,14,13201,114301,852,971,1181,756,3760
2025,6,13,14,13201,114312,589,572,591,365,2117
2025,6,13,14,13201,114313,193,163,134,92,582
2025,6,13,14,13201,114320,368,390,325,99,1182
2025,6,13,14,13201,114321,346,381,371,205,1303
2025,6,13,14,13201,114322,495,590,708,446,2239
2025,6,13,14,13201,114323,253,239,177,98,767
2025,6,13,14,13201,114326,322,328,255,167,1072
2025,6,13,14,13201,114329,281,313,273,139,1006
2025,6,13,14,13201,114332,331,429,542,366,1668
2025,6,13,14,13202,114310,114,133,129,76,452
2025,6,13,14,13202,114333,144,161,137,58,500
2025,6,13,14,13202,114401,12,12,13,8,45
2025,6,13,14,13202,114403,3,6,3,5,17
2025,6,13,14,13202,114406,5,5,10,5,25
2025,6,13,14,13203,114102,95,79,93,41,308
2025,6,13,14,13203,114407,19,19,19,22,79
2025,6,13,14,13203,114410,15,10,10,9,44
2025,6,13,9,13104,109302,273,284,277,162,996
2025,6,13,9,13104,109308,344,412,373,183,1312
2025,6,13,9,13104,109309,181,173,137,69,560
2025,6,13,9,13104,109314,298,354,424,252,1328
2025,6,13,9,13104,109709,112,117,93,51,373
2025,6,13,9,13104,200347,99,96,98,52,345
2025,6,13,9,13104,200609,30,25,26,9,90
2025,6,13,9,13107,109305,262,282,245,138,927
2025,6,13,9,13107,109317,231,178,181,92,682
2025,6,13,9,13107,109323,216,177,109,55,557
2025,6,13,9,13107,109718,69,86,99,74,328
2025,6,13,9,13107,200961,92,74,76,51,293
2025,6,13,9,13108,109300,637,555,518,318,2028
2025,6,13,9,13108,109321,427,426,360,290,1503
2025,6,13,9,13108,200554,85,120,107,60,372
2025,6,13,9,13125,109313,385,331,315,142,1173
2025,6,13,9,13125,109315,466,418,370,173,1427
2025,6,13,9,13125,109324,617,478,342,135,1572
2025,6,13,9,13125,109713,70,67,37,20,194
2025,6,13,9,13125,109715,15,13,20,17,65
2025,6,13,9,13125,200304,34,36,38,25,133
2025,6,13,9,13125,201091,294,361,386,294,1335
2025,6,13,9,13127,109301,536,449,449,252,1686
2025,6,13,9,13127,109303,498,468,498,199,1663
2025,6,13,9,13127,109304,116,116,131,77,440
2025,6,13,9,13127,109307,368,398,417,209,1392
2025,6,13,9,13127,109390,456,409,379,345,1589
2025,6,13,9,13301,109310,554,526,469,422,1971
2025,6,13,9,13301,109316,612,560,520,292,1984
2025,6,13,9,13301,109416,25,34,20,11,90
2025,6,13,9,13301,109417,32,14,17,8,71
2025,6,13,9,13301,109418,37,29,15,19,100
2025,6,13,9,13301,109419,6,7,4,0,17
2025,6,13,9,13301,109420,18,21,18,12,69
2025,6,13,9,13301,109716,55,45,33,9,142
2025,6,13,9,13301,201462,335,245,189,103,872
2025,6,13,9,13302,109311,513,402,268,153,1336
2025,6,13,9,13302,109312,188,148,109,61,506
2025,6,13,9,13302,109711,55,64,33,22,174
2025,6,13,9,13302,109712,66,75,62,30,233
2025,6,13,9,13302,201212,154,112,108,64,438
2025,6,13,9,13303,109104,140,112,98,90,440
2025,6,13,9,13303,109320,157,145,68,54,424
2025,6,13,9,13303,109410,15,16,9,19,59
2025,6,13,9,13303,109412,11,14,16,16,57
2025,6,13,9,13303,109413,10,8,15,4,37
2025,6,13,9,13303,109414,34,36,30,19,119
